city_name,ksh_kod,nuts3
Aba,17376,HU211
Abádszalók,12441,HU322
Abaliget,12548,HU231
Abasár,24554,HU312
Abaújalpár,15662,HU311
Abaújkér,26718,HU311
Abaújlak,2820,HU311
Abaújszántó,3595,HU311
Abaújszolnok,26338,HU311
Abaújvár,2273,HU311
Abda,11882,HU221
Abod,10357,HU311
Abony,27872,HU120
Ábrahámhegy,4561,HU213
Ács,4428,HU212
Acsa,18573,HU120
Acsád,7214,HU222
Acsalag,33385,HU221
Ácsteszér,18139,HU212
Adács,23241,HU312
Ádánd,6080,HU232
Adásztevel,7302,HU213
Adony,8925,HU211
Adorjánháza,31307,HU213
Adorjás,6868,HU231
Ág,25812,HU231
Ágasegyháza,17686,HU331
Ágfalva,4880,HU221
Aggtelek,9362,HU311
Agyagosszergény,29407,HU221
Ajak,8776,HU323
Ajka,6673,HU213
Aka,6682,HU212
Akasztó,21944,HU331
Alacska,33093,HU311
Alap,26824,HU211
Alattyán,25265,HU322
Albertirsa,31653,HU120
Alcsútdoboz,15176,HU211
Aldebrő,6345,HU312
Algyő,34245,HU333
Alibánfa,2644,HU223
Almamellék,13329,HU231
Almásfüzitő,32346,HU212
Almásháza,23384,HU223
Almáskamarás,29595,HU332
Almáskeresztúr,20376,HU231
Álmosd,27641,HU321
Alsóberecki,20482,HU311
Alsóbogát,34184,HU232
Alsódobsza,19664,HU311
Alsógagy,14429,HU311
Alsómocsolád,17385,HU231
Alsónána,29665,HU233
Alsónémedi,23199,HU120
Alsónemesapáti,19512,HU223
Alsónyék,11563,HU233
Alsóörs,30526,HU213
Alsópáhok,32081,HU223
Alsópetény,16425,HU313
Alsórajk,18829,HU223
Alsóregmec,23223,HU311
Alsószenterzsébet,8767,HU223
Alsószentiván,25283,HU211
Alsószentmárton,33279,HU231
Alsószölnök,22549,HU222
Alsószuha,28839,HU311
Alsótelekes,8217,HU311
Alsótold,7621,HU313
Alsóújlak,22725,HU222
Alsóvadász,29814,HU311
Alsózsolca,21032,HU311
Ambrózfalva,16197,HU333
Anarcs,29975,HU323
Andocs,28714,HU232
Andornaktálya,17987,HU312
Andrásfa,12317,HU222
Annavölgy,34227,HU212
Apácatorna,28370,HU213
Apagy,20303,HU323
Apaj,33561,HU120
Aparhant,26125,HU233
Apátfalva,14252,HU333
Apátistvánfalva,8873,HU222
Apátvarasd,27298,HU231
Apc,7241,HU312
Áporka,10108,HU120
Apostag,21148,HU331
Aranyosapáti,9353,HU323
Aranyosgadány,6886,HU231
Arka,26198,HU311
Arló,14331,HU311
Arnót,3771,HU311
Ároktő,3823,HU311
Árpádhalom,19062,HU333
Árpás,32249,HU221
Ártánd,3319,HU321
Ásotthalom,10339,HU333
Ásványráró,26921,HU221
Aszaló,4233,HU311
Ászár,23852,HU212
Aszód,16188,HU120
Aszófő,7339,HU213
Áta,28583,HU231
Átány,6503,HU312
Atkár,16090,HU312
Attala,32735,HU233
Babarc,5403,HU231
Babarcszőlős,9663,HU231
Babócsa,30474,HU232
Bábolna,19363,HU212
Bábonymegyer,28316,HU232
Babosdöbréte,21263,HU223
Babót,15042,HU221
Bácsalmás,10719,HU331
Bácsbokod,10180,HU331
Bácsborsód,27234,HU331
Bácsszentgyörgy,8697,HU331
Bácsszőlős,30155,HU331
Badacsonytomaj,22327,HU213
Badacsonytördemic,3267,HU213
Bag,9131,HU120
Bagamér,20011,HU321
Baglad,11059,HU223
Bagod,30368,HU223
Bágyogszovát,28769,HU221
Baj,29212,HU212
Baja,3522,HU331
Bajánsenye,17020,HU222
Bajna,16744,HU212
Bajót,29355,HU212
Bak,4738,HU223
Bakháza,14395,HU232
Bakóca,22275,HU231
Bakonszeg,15167,HU321
Bakonya,8299,HU231
Bakonybánk,24244,HU212
Bakonybél,23746,HU213
Bakonycsernye,8730,HU211
Bakonygyirót,28936,HU221
Bakonyjákó,29513,HU213
Bakonykoppány,7287,HU213
Bakonykúti,23153,HU211
Bakonynána,25991,HU213
Bakonyoszlop,30410,HU213
Bakonypéterd,22062,HU221
Bakonypölöske,6327,HU213
Bakonyság,29902,HU213
Bakonysárkány,25229,HU212
Bakonyszentiván,23922,HU213
Bakonyszentkirály,22813,HU213
Bakonyszentlászló,5944,HU221
Bakonyszombathely,22381,HU212
Bakonyszücs,26417,HU213
Bakonytamási,24129,HU213
Baks,29106,HU333
Baksa,3975,HU231
Baktakék,18184,HU311
Baktalórántháza,2325,HU323
Baktüttös,15097,HU223
Balajt,22521,HU311
Balassagyarmat,13657,HU313
Balástya,23676,HU333
Balaton,11527,HU312
Balatonakali,25308,HU213
Balatonalmádi,5838,HU213
Balatonberény,27377,HU232
Balatonboglár,33853,HU232
Balatoncsicsó,3072,HU213
Balatonederics,12238,HU213
Balatonendréd,19460,HU232
Balatonfenyves,20729,HU232
Balatonfőkajár,29461,HU213
Balatonföldvár,7117,HU232
Balatonfüred,21175,HU213
Balatonfűzfő,2219,HU213
Balatongyörök,17002,HU223
Balatonhenye,3638,HU213
Balatonkenese,5148,HU213
Balatonkeresztúr,7375,HU232
Balatonlelle,33862,HU232
Balatonmagyaród,26462,HU223
Balatonmáriafürdő,14562,HU232
Balatonőszöd,11916,HU232
Balatonrendes,33844,HU213
Balatonszabadi,16601,HU232
Balatonszárszó,24907,HU232
Balatonszemes,22822,HU232
Balatonszentgyörgy,21324,HU232
Balatonszepezd,17154,HU213
Balatonszőlős,28501,HU213
Balatonudvari,15565,HU213
Balatonújlak,16470,HU232
Balinka,31103,HU211
Balkány,26958,HU323
Ballószög,13408,HU331
Balmazújváros,2918,HU321
Balogunyom,5102,HU222
Balotaszállás,25937,HU331
Balsa,15963,HU323
Bálványos,24457,HU232
Bana,31422,HU212
Bánd,14173,HU213
Bánfa,7603,HU231
Bánhorváti,25159,HU311
Bánk,24341,HU313
Bánokszentgyörgy,8439,HU223
Bánréve,21953,HU311
Bár,24378,HU231
Barabás,26480,HU323
Baracs,7047,HU211
Baracska,8581,HU211
Báránd,26693,HU321
Baranyahídvég,20464,HU231
Baranyajenő,24749,HU231
Baranyaszentgyörgy,5485,HU231
Barbacs,6196,HU221
Barcs,32799,HU232
Bárdudvarnok,3735,HU232
Barlahida,27447,HU223
Bárna,20048,HU313
Barnag,15778,HU213
Bársonyos,8624,HU212
Basal,15495,HU231
Baskó,8846,HU311
Báta,11712,HU233
Bátaapáti,28909,HU233
Bátaszék,8864,HU233
Baté,32337,HU232
Bátmonostor,3656,HU331
Bátonyterenye,33534,HU313
Bátor,24022,HU312
Bátorliget,2990,HU323
Battonya,18102,HU332
Bátya,11961,HU331
Batyk,24864,HU223
Bázakerettye,18698,HU223
Bazsi,7427,HU213
Béb,22901,HU213
Becsehely,23144,HU223
Becske,12016,HU313
Becskeháza,27049,HU311
Becsvölgye,18360,HU223
Bedegkér,20710,HU232
Bedő,33446,HU321
Bejcgyertyános,10384,HU222
Békás,27058,HU213
Bekecs,6929,HU311
Békés,9760,HU332
Békéscsaba,15200,HU332
Békéssámson,26189,HU332
Békésszentandrás,2680,HU332
Bekölce,4400,HU312
Bélapátfalva,33260,HU312
Bélavár,6910,HU232
Belecska,28662,HU233
Beled,10588,HU221
Beleg,17127,HU232
Belezna,9168,HU223
Bélmegyer,19390,HU332
Beloiannisz,8466,HU211
Belsősárd,20950,HU223
Belvárdgyula,19008,HU231
Benk,25441,HU323
Bénye,25098,HU120
Bér,32911,HU313
Bérbaltavár,32124,HU222
Bercel,2389,HU313
Beregdaróc,28246,HU323
Beregsurány,20677,HU323
Berekböszörmény,18467,HU321
Berekfürdő,34005,HU322
Beremend,31927,HU231
Berente,34290,HU311
Beret,29674,HU311
Berettyóújfalu,12788,HU321
Berhida,33127,HU213
Berkenye,9034,HU313
Berkesd,16461,HU231
Berkesz,7472,HU323
Bernecebaráti,18777,HU120
Berzék,26356,HU311
Berzence,30119,HU232
Besence,30049,HU231
Besenyőd,13639,HU323
Besenyőtelek,27517,HU312
Besenyszög,11305,HU322
Besnyő,16346,HU211
Beszterec,21227,HU323
Bezedek,14119,HU231
Bezenye,29805,HU221
Bezeréd,12830,HU223
Bezi,10560,HU221
Biatorbágy,8891,HU120
Bicsérd,13310,HU231
Bicske,10481,HU211
Bihardancsháza,25256,HU321
Biharkeresztes,19956,HU321
Biharnagybajom,24828,HU321
Bihartorda,29887,HU321
Biharugra,29610,HU332
Bikács,11970,HU233
Bikal,4899,HU231
Biri,2945,HU323
Birján,5139,HU231
Bisse,24925,HU231
Bő,5476,HU222
Boba,29203,HU222
Bocfölde,17543,HU223
Boconád,22354,HU312
Bőcs,5306,HU311
Bócsa,8305,HU331
Bocska,31291,HU223
Bocskaikert,34102,HU321
Boda,20899,HU231
Bodajk,18254,HU211
Böde,22877,HU223
Bödeháza,4163,HU223
Bodmér,11624,HU211
Bodolyabér,33002,HU231
Bodonhely,6220,HU221
Bodony,14933,HU312
Bodorfa,4321,HU213
Bodrog,10506,HU232
Bodroghalom,23737,HU311
Bodrogkeresztúr,30784,HU311
Bodrogkisfalud,33808,HU311
Bodrogolaszi,14401,HU311
Bódvalenke,27429,HU311
Bódvarákó,33303,HU311
Bódvaszilas,5926,HU311
Bogács,25195,HU311
Bogád,32151,HU231
Bogádmindszent,21892,HU231
Bogdása,10694,HU231
Bögöt,11651,HU222
Bögöte,7296,HU222
Bogyiszló,3425,HU233
Bogyoszló,4367,HU221
Böhönye,26532,HU232
Bojt,14137,HU321
Bókaháza,19929,HU223
Bokod,7311,HU212
Bököny,11299,HU323
Bokor,3841,HU313
Bölcske,6558,HU233
Boldog,3452,HU312
Boldogasszonyfa,13116,HU231
Boldogkőújfalu,18944,HU311
Boldogkőváralja,14474,HU311
Boldva,8396,HU311
Bolhás,13994,HU232
Bolhó,18120,HU232
Bóly,33154,HU231
Boncodfölde,10782,HU223
Bonnya,22673,HU232
Bőny,33950,HU221
Bonyhád,6497,HU233
Bonyhádvarasd,14818,HU233
Börcs,6619,HU221
Bordány,8192,HU333
Borgáta,3090,HU222
Borjád,6725,HU231
Borota,19327,HU331
Borsfa,10056,HU223
Borsodbóta,30669,HU311
Borsodgeszt,16124,HU311
Borsodivánka,6707,HU311
Borsodnádasd,5315,HU311
Borsodszentgyörgy,30207,HU311
Borsodszirák,16799,HU311
Borsosberény,9894,HU313
Borszörcsök,4765,HU213
Borzavár,30252,HU213
Börzönce,21139,HU223
Bősárkány,15501,HU221
Bosta,14368,HU231
Bőszénfa,26277,HU232
Botpalád,22239,HU323
Botykapeterd,13365,HU231
Bozsok,5023,HU222
Bózsva,31006,HU311
Bozzai,6390,HU222
Bucsa,13471,HU332
Bucsu,32984,HU222
Búcsúszentlászló,20613,HU223
Bucsuta,7986,HU223
Budajenő,3407,HU120
Budakalász,23463,HU120
Budakeszi,12052,HU120
Budaörs,23278,HU120
Budapest I.ker.,9566,HU110
Budapest II.ker.,3179,HU110
Budapest III.ker.,18069,HU110
Budapest IV.ker.,5467,HU110
Budapest IX.ker.,29586,HU110
Budapest V.ker.,13392,HU110
Budapest VI.ker.,16586,HU110
Budapest VII.ker.,29744,HU110
Budapest VIII.ker.,25405,HU110
Budapest X.ker.,10700,HU110
Budapest XI.ker.,14216,HU110
Budapest XII.ker.,24697,HU110
Budapest XIII.ker.,24299,HU110
Budapest XIV.ker.,16337,HU110
Budapest XIX.ker.,4011,HU110
Budapest XV.ker.,11314,HU110
Budapest XVI.ker.,8208,HU110
Budapest XVII.ker.,2112,HU110
Budapest XVIII.ker.,29285,HU110
Budapest XX.ker.,6026,HU110
Budapest XXI.ker.,13189,HU110
Budapest XXII.ker.,10214,HU110
Budapest XXIII.ker.,34139,HU110
Bugac,32823,HU331
Bugacpusztaháza,33631,HU331
Bugyi,32027,HU120
Buj,19707,HU323
Buják,14234,HU313
Bük,2431,HU222
Bükkábrány,13596,HU311
Bükkaranyos,27890,HU311
Bükkmogyorósd,19406,HU311
Bükkösd,23162,HU231
Bükkszék,2963,HU312
Bükkszenterzsébet,10621,HU312
Bükkszentkereszt,8022,HU311
Bükkszentmárton,22099,HU312
Bükkzsérc,32887,HU311
Bürüs,7533,HU231
Büssü,8703,HU232
Büttös,23977,HU311
Buzsák,17358,HU232
Cák,8271,HU222
Cakóháza,27085,HU221
Cece,13152,HU211
Cégénydányád,9681,HU323
Cegléd,11341,HU120
Ceglédbercel,20640,HU120
Celldömölk,27094,HU222
Cered,3665,HU313
Chernelházadamonya,9876,HU222
Cibakháza,22938,HU322
Cigánd,3939,HU311
Cikó,19284,HU233
Cirák,15954,HU221
Csabacsűd,31334,HU332
Csabaszabadi,34078,HU332
Csabdi,30544,HU211
Csabrendek,30924,HU213
Csáfordjánosfa,10047,HU221
Csaholc,12928,HU323
Csajág,16072,HU213
Csákány,3799,HU232
Csákánydoroszló,3911,HU222
Csákberény,5360,HU211
Csákvár,20002,HU211
Csanádalberti,2121,HU333
Csanádapáca,20455,HU332
Csanádpalota,5379,HU333
Csánig,26772,HU222
Csány,16841,HU312
Csányoszró,19901,HU231
Csanytelek,22293,HU333
Csapi,6132,HU223
Csapod,8563,HU221
Csárdaszállás,25502,HU332
Csarnóta,30614,HU231
Csaroda,29416,HU323
Császár,16416,HU212
Császártöltés,10472,HU331
Császló,9715,HU323
Csátalja,26471,HU331
Csatár,23436,HU223
Csataszög,34175,HU322
Csatka,33109,HU212
Csávoly,16373,HU331
Csebény,21591,HU231
Csécse,30270,HU313
Csegöld,26107,HU323
Csehbánya,20251,HU213
Csehi,19488,HU222
Csehimindszent,12724,HU222
Csém,33640,HU212
Csemő,5184,HU120
Csempeszkopács,23816,HU222
Csengele,32285,HU333
Csenger,30641,HU323
Csengersima,24095,HU323
Csengerújfalu,26851,HU323
Csengőd,12344,HU331
Csénye,9070,HU222
Csenyéte,8493,HU311
Csép,18272,HU212
Csépa,13170,HU322
Csepreg,12140,HU222
Csér,30191,HU221
Cserdi,26082,HU231
Cserénfa,25681,HU232
Cserépfalu,6974,HU311
Cserépváralja,25575,HU311
Cserháthaláp,21935,HU313
Cserhátsurány,22594,HU313
Cserhátszentiván,32319,HU313
Cserkeszőlő,5795,HU322
Cserkút,3896,HU231
Csernely,28459,HU311
Cserszegtomaj,7135,HU223
Csertalakos,10649,HU223
Csertő,13851,HU231
Csesznek,24642,HU213
Csesztreg,2583,HU223
Csesztve,20145,HU313
Csetény,31699,HU213
Csévharaszt,18476,HU120
Csibrák,11998,HU233
Csikéria,15699,HU331
Csikóstőttős,30094,HU233
Csikvánd,13505,HU221
Csincse,34111,HU311
Csipkerek,26064,HU222
Csitár,5050,HU313
Csobád,5333,HU311
Csobaj,20774,HU311
Csobánka,6822,HU120
Csöde,27492,HU223
Csögle,32814,HU213
Csókakő,21908,HU211
Csökmő,12450,HU321
Csököly,24314,HU232
Csokonyavisonta,5971,HU232
Csokvaomány,14289,HU311
Csolnok,18926,HU212
Csólyospálos,12025,HU331
Csoma,8040,HU232
Csomád,33118,HU120
Csombárd,2477,HU232
Csömend,27270,HU232
Csömödér,29364,HU223
Csömör,22804,HU120
Csönge,22390,HU222
Csongrád,5111,HU333
Csonkahegyhát,31149,HU223
Csonkamindszent,22576,HU231
Csopak,2185,HU213
Csór,9779,HU211
Csorna,4039,HU221
Csörnyeföld,33978,HU223
Csörög,34333,HU120
Csörötnek,4224,HU222
Csorvás,26709,HU332
Csősz,6734,HU211
Csót,32878,HU213
Csővár,26985,HU120
Csurgó,21315,HU232
Csurgónagymarton,10603,HU232
Cún,11086,HU231
Dabas,9247,HU120
Dabronc,17172,HU213
Dabrony,28237,HU213
Dad,33163,HU212
Dág,22910,HU212
Dáka,20154,HU213
Dalmand,29230,HU233
Damak,11350,HU311
Dámóc,7719,HU311
Dánszentmiklós,31811,HU120
Dány,18397,HU120
Daraboshegy,15990,HU222
Darány,31352,HU232
Darnó,18795,HU323
Darnózseli,21865,HU221
Daruszentmiklós,34342,HU211
Darvas,14678,HU321
Dávod,10533,HU331
Debercsény,7320,HU313
Debrecen,15130,HU321
Debréte,31954,HU311
Decs,24989,HU233
Dédestapolcsány,4686,HU311
Dég,32753,HU211
Dejtár,12511,HU313
Délegyháza,9973,HU120
Demecser,17756,HU323
Demjén,8660,HU312
Dencsháza,7773,HU231
Dénesfa,32595,HU221
Derecske,5573,HU321
Derekegyház,7834,HU333
Deszk,24077,HU333
Detek,10524,HU311
Detk,9201,HU312
Dévaványa,24819,HU332
Devecser,32276,HU213
Dinnyeberki,11952,HU231
Diósberény,11688,HU233
Diósd,24013,HU120
Diósjenő,6743,HU313
Dióskál,28778,HU223
Diósviszló,32373,HU231
Doba,10870,HU213
Döbörhegy,20695,HU222
Doboz,33190,HU332
Dobri,25885,HU223
Döbröce,7782,HU223
Döbrököz,2565,HU233
Dobronhegy,32708,HU223
Döbrönte,29470,HU213
Dóc,30535,HU333
Döge,3647,HU323
Domaháza,25690,HU311
Domaszék,13383,HU333
Dombegyház,24031,HU332
Dombiratos,22132,HU332
Dombóvár,7685,HU233
Dombrád,14508,HU323
Domony,4808,HU120
Dömös,6594,HU212
Domoszló,7515,HU312
Dömsöd,29647,HU120
Dör,21917,HU221
Dörgicse,6363,HU213
Dormánd,30261,HU312
Dorog,10490,HU212
Dorogháza,24439,HU313
Döröske,3036,HU222
Dötk,16009,HU223
Dövény,6123,HU311
Dozmat,16151,HU222
Drágszél,7524,HU331
Drávacsehi,28617,HU231
Drávacsepely,28121,HU231
Drávafok,17419,HU231
Drávagárdony,13611,HU232
Drávaiványi,32391,HU231
Drávakeresztúr,9159,HU231
Drávapalkonya,22734,HU231
Drávapiski,12380,HU231
Drávaszabolcs,28608,HU231
Drávaszerdahely,30030,HU231
Drávasztára,21698,HU231
Drávatamási,15884,HU232
Drégelypalánk,8156,HU313
Dubicsány,27669,HU311
Dudar,2936,HU213
Duka,2927,HU222
Dunaalmás,33835,HU212
Dunabogdány,25362,HU120
Dunaegyháza,21069,HU331
Dunafalva,12566,HU331
Dunaföldvár,31501,HU233
Dunaharaszti,9584,HU120
Dunakeszi,18616,HU120
Dunakiliti,27739,HU221
Dunapataj,7861,HU331
Dunaremete,2079,HU221
Dunaszeg,21078,HU221
Dunaszekcső,9186,HU231
Dunaszentbenedek,11606,HU331
Dunaszentgyörgy,9539,HU233
Dunaszentmiklós,24101,HU212
Dunaszentpál,15875,HU221
Dunasziget,10454,HU221
Dunatetétlen,14766,HU331
Dunaújváros,3115,HU211
Dunavarsány,20534,HU120
Dunavecse,7612,HU331
Dusnok,4109,HU331
Dúzs,19202,HU233
Ebergőc,26347,HU221
Ebes,14614,HU321
Écs,16708,HU221
Ecséd,17181,HU312
Ecseg,4251,HU313
Ecsegfalva,9432,HU332
Ecseny,10861,HU232
Ecser,24518,HU120
Edde,3489,HU232
Edelény,10728,HU311
Edve,22442,HU221
Eger,20491,HU312
Egerág,28918,HU231
Egeralja,33871,HU213
Egeraracsa,24262,HU223
Egerbakta,12821,HU312
Egerbocs,26019,HU312
Egercsehi,16610,HU312
Egerfarmos,2981,HU312
Egerlövő,5865,HU311
Egerszalók,24758,HU312
Égerszög,13356,HU311
Egerszólát,13648,HU312
Egervár,33428,HU223
Egervölgy,28796,HU222
Egyed,20288,HU221
Egyek,15741,HU321
Egyházasdengeleg,17659,HU313
Egyházasfalu,15237,HU221
Egyházasgerge,5980,HU313
Egyházasharaszti,16498,HU231
Egyházashetye,10232,HU222
Egyházashollós,30429,HU222
Egyházaskesző,10445,HU213
Egyházaskozár,27401,HU231
Egyházasrádóc,25946,HU222
Elek,32957,HU332
Ellend,6099,HU231
Előszállás,20358,HU211
Emőd,4677,HU311
Encs,33048,HU311
Encsencs,32328,HU323
Endrefalva,25496,HU313
Endrőc,28273,HU231
Enese,15033,HU221
Enying,2802,HU211
Eperjes,22992,HU333
Eperjeske,18528,HU323
Eplény,33941,HU213
Epöl,29638,HU212
Ercsi,23603,HU211
Érd,30988,HU120
Erdőbénye,25326,HU311
Erdőhorváti,22503,HU311
Erdőkertes,13480,HU120
Erdőkövesd,28556,HU312
Erdőkürt,22655,HU313
Erdősmárok,25821,HU231
Erdősmecske,18704,HU231
Erdőtarcsa,21795,HU313
Erdőtelek,24235,HU312
Erk,20118,HU312
Érpatak,10852,HU323
Érsekcsanád,11864,HU331
Érsekhalma,33589,HU331
Érsekvadkert,21582,HU313
Értény,8448,HU233
Erzsébet,13499,HU231
Esztár,25469,HU321
Eszteregnye,6178,HU223
Esztergályhorváti,15769,HU223
Esztergom,25131,HU212
Ete,6664,HU212
Etes,15370,HU313
Etyek,2316,HU211
Fábiánháza,23250,HU323
Fábiánsebestyén,19974,HU333
Fácánkert,24192,HU233
Fadd,18980,HU233
Fáj,2741,HU311
Fajsz,3230,HU331
Fancsal,12557,HU311
Farád,33996,HU221
Farkasgyepű,10250,HU213
Farkaslyuk,34272,HU311
Farmos,9122,HU120
Fazekasboda,17835,HU231
Fedémes,12432,HU312
Fegyvernek,16647,HU322
Fehérgyarmat,18971,HU323
Fehértó,6956,HU221
Fehérvárcsurgó,32203,HU211
Feked,4543,HU231
Feketeerdő,32717,HU221
Felcsút,29939,HU211
Feldebrő,20747,HU312
Felgyő,22646,HU333
Felpéc,33251,HU221
Felsőberecki,8174,HU311
Felsőcsatár,13587,HU222
Felsődobsza,9742,HU311
Felsőegerszeg,13286,HU231
Felsőgagy,29708,HU311
Felsőjánosfa,8013,HU222
Felsőkelecsény,31723,HU311
Felsőlajos,33598,HU331
Felsőmarác,29841,HU222
Felsőmocsolád,13985,HU232
Felsőnána,15820,HU233
Felsőnyárád,32762,HU311
Felsőnyék,17914,HU233
Felsőörs,24369,HU213
Felsőpáhok,11642,HU223
Felsőpakony,6035,HU120
Felsőpetény,24323,HU313
Felsőrajk,21476,HU223
Felsőregmec,7588,HU311
Felsőszenterzsébet,30890,HU223
Felsőszentiván,2954,HU331
Felsőszentmárton,8819,HU231
Felsőszölnök,23287,HU222
Felsőtárkány,16328,HU312
Felsőtelekes,31671,HU311
Felsőtold,33312,HU313
Felsővadász,23533,HU311
Felsőzsolca,2848,HU311
Fényeslitke,22415,HU323
Fenyőfő,30678,HU221
Ferencszállás,18999,HU333
Fertőboz,11253,HU221
Fertőd,9885,HU221
Fertőendréd,9487,HU221
Fertőhomok,10658,HU221
Fertőrákos,12414,HU221
Fertőszentmiklós,15343,HU221
Fertőszéplak,31440,HU221
Fiad,31644,HU232
Filkeháza,25238,HU311
Fityeház,19187,HU223
Foktő,2149,HU331
Földeák,9210,HU333
Földes,3258,HU321
Folyás,34014,HU321
Fonó,22026,HU232
Fony,17932,HU311
Főnyed,22707,HU232
Fonyód,14632,HU232
Forráskút,33020,HU333
Forró,30483,HU311
Fót,32610,HU120
Füle,6114,HU211
Fülesd,10791,HU323
Fulókércs,22123,HU311
Fülöp,22150,HU321
Fülöpháza,31468,HU331
Fülöpjakab,33622,HU331
Fülöpszállás,14058,HU331
Fülpösdaróc,14377,HU323
Fürged,17950,HU233
Furta,16993,HU321
Füzér,17109,HU311
Füzérkajata,6460,HU311
Füzérkomlós,11378,HU311
Füzérradvány,10366,HU311
Füzesabony,3276,HU312
Füzesgyarmat,12256,HU332
Fűzvölgy,16531,HU223
Gáborján,18175,HU321
Gáborjánháza,17516,HU223
Gacsály,13727,HU323
Gadács,28264,HU232
Gadány,26222,HU232
Gadna,5494,HU311
Gádoros,9511,HU332
Gagyapáti,28732,HU311
Gagybátor,28307,HU311
Gagyvendégi,3744,HU311
Galambok,12991,HU223
Galgaguta,25663,HU313
Galgagyörk,13295,HU120
Galgahévíz,19503,HU120
Galgamácsa,27128,HU120
Gálosfa,6585,HU232
Galvács,19293,HU311
Gamás,6451,HU232
Ganna,12742,HU213
Gánt,15750,HU211
Gara,31848,HU331
Garáb,18494,HU313
Garabonc,12946,HU223
Garadna,10904,HU311
Garbolc,4996,HU323
Gárdony,10296,HU211
Garé,7560,HU231
Gasztony,30906,HU222
Gátér,26383,HU331
Gávavencsellő,5801,HU323
Géberjén,3629,HU323
Gecse,9292,HU213
Géderlak,3577,HU331
Gégény,5670,HU323
Gelej,23719,HU311
Gelénes,4613,HU323
Gellénháza,8068,HU223
Gelse,12089,HU223
Gelsesziget,9089,HU223
Gemzse,13000,HU323
Gencsapáti,24183,HU222
Gérce,26152,HU222
Gerde,12751,HU231
Gerendás,7393,HU332
Gerényes,13347,HU231
Geresdlak,2857,HU231
Gerjen,5731,HU233
Gersekarát,30942,HU222
Geszt,17394,HU332
Gesztely,15608,HU311
Geszteréd,28893,HU323
Gétye,20039,HU223
Gibárt,20969,HU311
Gic,16717,HU213
Gige,9177,HU232
Gilvánfa,18333,HU231
Girincs,21564,HU311
Göd,23649,HU120
Gödöllő,32559,HU120
Gödre,33233,HU231
Gógánfa,18193,HU213
Gölle,30571,HU232
Golop,13134,HU311
Gomba,9441,HU120
Gombosszeg,17613,HU223
Gömörszőlős,9706,HU311
Gönc,15936,HU311
Göncruszka,18643,HU311
Gönyű,2060,HU221
Gór,11156,HU222
Görbeháza,16568,HU321
Görcsöny,30438,HU231
Görcsönydoboka,9636,HU231
Gordisa,33084,HU231
Görgeteg,14599,HU232
Gősfa,29771,HU223
Gosztola,13569,HU223
Grábóc,26727,HU233
Gulács,29443,HU323
Gutorfölde,2097,HU223
Gyál,25627,HU120
Gyalóka,17969,HU221
Gyanógeregye,27030,HU222
Gyarmat,26860,HU221
Gyékényes,30960,HU232
Gyenesdiás,23302,HU223
Gyepükaján,28671,HU213
Gyermely,6521,HU212
Gyód,18315,HU231
Gyomaendrőd,33455,HU332
Gyömöre,20400,HU221
Gyömrő,29735,HU120
Gyöngyfa,28404,HU231
Gyöngyös,5236,HU312
Gyöngyösfalu,11943,HU222
Gyöngyöshalász,17534,HU312
Gyöngyösmellék,22664,HU231
Gyöngyösoroszi,13338,HU312
Gyöngyöspata,8323,HU312
Gyöngyössolymos,19123,HU312
Gyöngyöstarján,28088,HU312
Gyönk,30289,HU233
Győr,25584,HU221
Győrasszonyfa,8721,HU221
Györe,25539,HU233
Györgytarló,5069,HU311
Györköny,12326,HU233
Győrladamér,13198,HU221
Gyóró,23843,HU221
Győröcske,28945,HU323
Győrság,31316,HU221
Győrsövényház,19309,HU221
Győrszemere,15653,HU221
Győrtelek,10126,HU323
Győrújbarát,7481,HU221
Győrújfalu,31787,HU221
Győrvár,9724,HU222
Győrzámoly,15228,HU221
Gyugy,23904,HU232
Gyügye,19558,HU323
Gyula,5032,HU332
Gyulaháza,7676,HU323
Gyulaj,30359,HU233
Gyulakeszi,9520,HU213
Gyüre,33774,HU323
Gyúró,15918,HU211
Gyűrűs,12539,HU223
Hács,18634,HU232
Hagyárosbörönd,10931,HU223
Hahót,10269,HU223
Hajdúbagos,26170,HU321
Hajdúböszörmény,3045,HU321
Hajdúdorog,12803,HU321
Hajdúhadház,10393,HU321
Hajdúnánás,22406,HU321
Hajdúsámson,31097,HU321
Hajdúszoboszló,5175,HU321
Hajdúszovát,17473,HU321
Hajmás,25830,HU232
Hajmáskér,15361,HU213
Hajós,18759,HU331
Halastó,29452,HU222
Halászi,26790,HU221
Halásztelek,9690,HU120
Halimba,7898,HU213
Halmaj,27942,HU311
Halmajugra,11411,HU312
Halogy,10676,HU222
Hangács,11226,HU311
Hangony,25104,HU311
Hantos,23427,HU211
Harasztifalu,5713,HU222
Harc,14164,HU233
Harka,7649,HU221
Harkakötöny,8350,HU331
Harkány,21528,HU231
Háromfa,8837,HU232
Háromhuta,12706,HU311
Harsány,5847,HU311
Hárskút,25566,HU213
Harta,18458,HU331
Hásságy,27881,HU231
Hatvan,22309,HU312
Hédervár,12308,HU221
Hedrehely,16726,HU232
Hegyesd,2422,HU213
Hegyeshalom,17905,HU221
Hegyfalu,32188,HU222
Hegyháthodász,14997,HU222
Hegyhátmaróc,30951,HU231
Hegyhátsál,30216,HU222
Hegyhátszentjakab,18032,HU222
Hegyhátszentmárton,21838,HU222
Hegyhátszentpéter,8226,HU222
Hegykő,18403,HU221
Hegymagas,25803,HU213
Hegymeg,2468,HU311
Hegyszentmárton,21023,HU231
Héhalom,3993,HU313
Hejce,22187,HU311
Hejőbába,6655,HU311
Hejőkeresztúr,4604,HU311
Hejőkürt,2282,HU311
Hejőpapi,16780,HU311
Hejőszalonta,12159,HU311
Helesfa,17190,HU231
Helvécia,4093,HU331
Hencida,29391,HU321
Hencse,9946,HU232
Herceghalom,33552,HU120
Hercegkút,30137,HU311
Hercegszántó,12937,HU331
Heréd,20242,HU312
Héreg,11891,HU212
Herencsény,5324,HU313
Herend,23658,HU213
Heresznye,24846,HU232
Hermánszeg,12061,HU323
Hernád,9849,HU120
Hernádbűd,15839,HU311
Hernádcéce,9399,HU311
Hernádkak,24165,HU311
Hernádkércs,21829,HU311
Hernádnémeti,31200,HU311
Hernádpetri,24882,HU311
Hernádszentandrás,17136,HU311
Hernádszurdok,24970,HU311
Hernádvécse,19840,HU311
Hernyék,19895,HU223
Hét,8004,HU311
Hetefejércse,5616,HU323
Hetes,9928,HU232
Hetvehely,7126,HU231
Hetyefő,15088,HU213
Heves,14526,HU312
Hevesaranyos,10241,HU312
Hevesvezekény,4084,HU312
Hévíz,3814,HU223
Hévízgyörk,13949,HU120
Hidas,6798,HU231
Hidasnémeti,11697,HU311
Hidegkút,20756,HU213
Hidegség,23375,HU221
Hidvégardó,25672,HU311
Himesháza,27933,HU231
Himod,4020,HU221
Hirics,3285,HU231
Hobol,33932,HU231
Hodász,13019,HU323
Hódmezővásárhely,8314,HU333
Hőgyész,26055,HU233
Hollád,6211,HU232
Hollóháza,31167,HU311
Hollókő,33242,HU313
Homokbödöge,27818,HU213
Homokkomárom,24873,HU223
Homokmégy,27845,HU331
Homokszentgyörgy,19150,HU232
Homorúd,29966,HU231
Homrogd,21236,HU311
Hont,13204,HU313
Horpács,13718,HU313
Hort,4145,HU312
Hortobágy,4118,HU321
Horváthertelend,23074,HU231
Horvátlövő,12733,HU222
Horvátzsidány,16887,HU222
Hosszúhetény,30836,HU231
Hosszúpályi,6266,HU321
Hosszúpereszteg,20880,HU222
Hosszúvíz,30775,HU232
Hosszúvölgy,11208,HU223
Hosztót,7250,HU213
Hottó,28325,HU223
Hövej,10029,HU221
Hugyag,16878,HU313
Hunya,33297,HU332
Hunyadfalva,34050,HU322
Husztót,31431,HU231
Ibafa,33066,HU231
Iborfia,3188,HU223
Ibrány,25636,HU323
Igal,11192,HU232
Igar,17738,HU211
Igrici,25399,HU311
Iharos,19619,HU232
Iharosberény,27784,HU232
Ikervár,11387,HU222
Iklad,3300,HU120
Iklanberény,29504,HU222
Iklódbördőce,13921,HU223
Ikrény,20604,HU221
Iliny,26833,HU313
Ilk,9654,HU323
Illocska,31936,HU231
Imola,16577,HU311
Imrehegy,8095,HU331
Ináncs,8086,HU311
Inárcs,32106,HU120
Inke,26301,HU232
Ipacsfa,29948,HU231
Ipolydamásd,28097,HU120
Ipolyszög,1508,HU313
Ipolytarnóc,3328,HU313
Ipolytölgyes,4978,HU120
Ipolyvece,29319,HU313
Iregszemcse,4701,HU233
Irota,5005,HU311
Isaszeg,7807,HU120
Ispánk,7977,HU222
Istenmezeje,10074,HU312
Istvándi,21333,HU232
Iszkaszentgyörgy,32018,HU211
Iszkáz,28015,HU213
Isztimér,2200,HU211
Ivád,13879,HU312
Iván,31635,HU221
Ivánbattyán,3337,HU231
Ivánc,31680,HU222
Iváncsa,13462,HU211
Ivándárda,3346,HU231
Izmény,27711,HU233
Izsák,21999,HU331
Izsófalva,5591,HU311
Jágónak,9326,HU233
Ják,13958,HU222
Jakabszállás,17923,HU331
Jákfa,6406,HU222
Jákfalva,20233,HU311
Jákó,15927,HU232
Jánd,17075,HU323
Jánkmajtis,7843,HU323
Jánoshalma,9469,HU331
Jánosháza,11679,HU222
Jánoshida,22859,HU322
Jánossomorja,29221,HU221
Járdánháza,26657,HU311
Jármi,17589,HU323
Jásd,17437,HU213
Jászágó,22929,HU322
Jászalsószentgyörgy,30711,HU322
Jászapáti,22202,HU322
Jászárokszállás,22105,HU322
Jászberény,18209,HU322
Jászboldogháza,15811,HU322
Jászdózsa,17978,HU322
Jászfelsőszentgyörgy,23579,HU322
Jászfényszaru,23339,HU322
Jászivány,24086,HU322
Jászjákóhalma,25186,HU322
Jászkarajenő,11004,HU120
Jászkisér,22798,HU322
Jászladány,21111,HU322
Jászszentandrás,13514,HU322
Jászszentlászló,8378,HU331
Jásztelek,23135,HU322
Jéke,13143,HU323
Jenő,15972,HU211
Jobaháza,6646,HU221
Jobbágyi,8712,HU313
Jósvafő,15680,HU311
Juta,17279,HU232
Kaba,2307,HU321
Kacorlak,22965,HU223
Kács,32993,HU311
Kacsóta,4297,HU231
Kadarkút,26453,HU232
Kajárpéc,12113,HU221
Kajászó,21342,HU211
Kajdacs,14100,HU233
Kakasd,2033,HU233
Kákics,6415,HU231
Kakucs,32230,HU120
Kál,32179,HU312
Kalaznó,23791,HU233
Káld,29957,HU222
Kálló,8642,HU313
Kallósd,5537,HU223
Kállósemjén,31404,HU323
Kálmáncsa,6105,HU232
Kálmánháza,27225,HU323
Kálócfa,21500,HU223
Kalocsa,6442,HU331
Káloz,16683,HU211
Kám,4640,HU222
Kamond,19141,HU213
Kamut,4279,HU332
Kánó,7764,HU311
Kántorjánosi,2671,HU323
Kány,25742,HU311
Kánya,5272,HU232
Kányavár,4473,HU223
Kapolcs,14553,HU213
Kápolna,15307,HU312
Kápolnásnyék,21926,HU211
Kapoly,33394,HU232
Kaposfő,9098,HU232
Kaposgyarmat,28811,HU232
Kaposhomok,25867,HU232
Kaposkeresztúr,12663,HU232
Kaposmérő,18227,HU232
Kapospula,23296,HU233
Kaposszekcső,18962,HU233
Kaposszerdahely,6424,HU232
Kaposújlak,15732,HU232
Kaposvár,20473,HU232
Káptalanfa,14270,HU213
Káptalantóti,5634,HU213
Kapuvár,28334,HU221
Kára,5351,HU232
Karácsond,5935,HU312
Karád,5263,HU232
Karakó,10913,HU222
Karakószörcsök,8749,HU213
Karancsalja,18625,HU313
Karancsberény,25548,HU313
Karancskeszi,8855,HU313
Karancslapujtő,21041,HU313
Karancsság,26897,HU313
Kárász,5999,HU231
Karcag,4923,HU322
Karcsa,21218,HU311
Kardos,24794,HU332
Kardoskút,12177,HU332
Karmacs,18041,HU223
Károlyháza,34351,HU221
Karos,30508,HU311
Kartal,30696,HU120
Kásád,17464,HU231
Kaskantyú,30605,HU331
Kastélyosdombó,8411,HU232
Kaszaper,22752,HU332
Kaszó,34193,HU232
Katádfa,6965,HU231
Katafa,26620,HU222
Kátoly,19132,HU231
Katymár,11280,HU331
Káva,27827,HU120
Kávás,32063,HU223
Kazár,28389,HU313
Kazincbarcika,6691,HU311
Kázsmárk,13374,HU311
Kazsok,26888,HU232
Kecel,19789,HU331
Kecskéd,4525,HU212
Kecskemét,26684,HU331
Kehidakustány,32902,HU223
Kék,28431,HU323
Kékcse,14359,HU323
Kéked,15264,HU311
Kékesd,16805,HU231
Kékkút,26037,HU213
Kelebia,27571,HU331
Keléd,32036,HU222
Kelemér,12034,HU311
Kéleshalom,18166,HU331
Kelevíz,17446,HU232
Kemecse,19992,HU323
Kemence,22345,HU120
Kemendollár,25353,HU223
Kemeneshőgyész,19734,HU213
Kemeneskápolna,16911,HU222
Kemenesmagasi,12247,HU222
Kemenesmihályfa,13426,HU222
Kemenespálfa,20996,HU222
Kemenessömjén,24484,HU222
Kemenesszentmárton,20084,HU222
Kemenesszentpéter,12478,HU213
Keménfa,6071,HU223
Kémes,10542,HU231
Kemestaródfa,22716,HU222
Kemse,6789,HU231
Kenderes,17145,HU322
Kenéz,2574,HU222
Kenézlő,5458,HU311
Kengyel,7418,HU322
Kenyeri,9937,HU222
Kercaszomor,26596,HU222
Kercseliget,14386,HU232
Kerecsend,28079,HU312
Kerecseny,31529,HU223
Kerekegyháza,22530,HU331
Kerekharaszt,34379,HU312
Kereki,4598,HU232
Kerékteleki,10995,HU212
Kerepes,34166,HU120
Keresztéte,17066,HU311
Kerkabarabás,29489,HU223
Kerkafalva,15112,HU223
Kerkakutas,22080,HU223
Kerkáskápolna,19761,HU222
Kerkaszentkirály,9575,HU223
Kerkateskánd,32647,HU223
Kérsemjén,32869,HU323
Kerta,25654,HU213
Kertészsziget,12618,HU332
Keszeg,31413,HU313
Kesznyéten,29249,HU311
Keszőhidegkút,17640,HU233
Keszthely,18421,HU223
Kesztölc,29577,HU212
Keszü,3832,HU231
Kétbodony,11846,HU313
Kétegyháza,3461,HU332
Kéthely,11174,HU232
Kétpó,19813,HU322
Kétsoprony,3106,HU332
Kétújfalu,8572,HU231
Kétvölgy,19345,HU222
Kéty,21731,HU233
Kevermes,31574,HU332
Kilimán,32267,HU223
Kimle,14748,HU221
Kincsesbánya,2343,HU211
Királd,32090,HU311
Királyegyháza,20552,HU231
Királyhegyes,13666,HU333
Királyszentistván,5421,HU213
Kisapáti,7931,HU213
Kisapostag,12636,HU211
Kisar,19424,HU323
Kisasszond,19053,HU232
Kisasszonyfa,18908,HU231
Kisbabot,2413,HU221
Kisbágyon,27243,HU313
Kisbajcs,22886,HU221
Kisbajom,24387,HU232
Kisbárapáti,24493,HU232
Kisbárkány,26295,HU313
Kisbér,17330,HU212
Kisberény,30827,HU232
Kisberzseny,29072,HU213
Kisbeszterce,5722,HU231
Kisbodak,7816,HU221
Kisbucsa,21379,HU223
Kisbudmér,22868,HU231
Kiscsécs,17349,HU311
Kiscsehi,16249,HU223
Kiscsősz,23700,HU213
Kisdér,11183,HU231
Kisdobsza,33905,HU231
Kisdombegyház,18838,HU332
Kisdorog,17710,HU233
Kisecset,33206,HU313
Kisfalud,33695,HU221
Kisfüzes,22460,HU312
Kisgörbő,9812,HU223
Kisgyalán,4826,HU232
Kisgyőr,22840,HU311
Kishajmás,6831,HU231
Kisharsány,27021,HU231
Kishartyán,33400,HU313
Kisherend,16975,HU231
Kishódos,8509,HU323
Kishuta,28875,HU311
Kisigmánd,20923,HU212
Kisjakabfalva,12849,HU231
Kiskassa,19910,HU231
Kiskinizs,3762,HU311
Kisköre,18281,HU312
Kiskőrös,9344,HU331
Kiskorpád,13781,HU232
Kiskunfélegyháza,20297,HU331
Kiskunhalas,32434,HU331
Kiskunlacháza,10816,HU120
Kiskunmajsa,24396,HU331
Kiskutas,20312,HU223
Kisláng,28990,HU211
Kisléta,28477,HU323
Kislippó,21616,HU231
Kislőd,30173,HU213
Kismányok,6512,HU233
Kismarja,15477,HU321
Kismaros,33738,HU120
Kisnamény,16036,HU323
Kisnána,12502,HU312
Kisnémedi,5227,HU120
Kisnyárád,33215,HU231
Kisoroszi,29850,HU120
Kispalád,29300,HU323
Kispáli,16081,HU223
Kispirit,4288,HU213
Kisrákos,11147,HU222
Kisrécse,32726,HU223
Kisrozvágy,11448,HU311
Kissikátor,14702,HU311
Kissomlyó,5953,HU222
Kisszállás,28158,HU331
Kisszékely,27766,HU233
Kisszekeres,9751,HU323
Kisszentmárton,8651,HU231
Kissziget,13055,HU223
Kisszőlős,23001,HU213
Kistamási,12353,HU231
Kistapolca,3151,HU231
Kistarcsa,34157,HU120
Kistelek,31024,HU333
Kistokaj,12399,HU311
Kistolmács,20941,HU223
Kistormás,3869,HU233
Kistótfalu,10746,HU231
Kisújszállás,25919,HU322
Kisunyom,2501,HU222
Kisvárda,9265,HU323
Kisvarsány,12672,HU323
Kisvásárhely,16364,HU223
Kisvaszar,9548,HU231
Kisvejke,31185,HU233
Kiszombor,26666,HU333
Kiszsidány,15486,HU222
Klárafalva,8253,HU333
Köblény,25247,HU231
Kocs,2510,HU212
Kocsér,32771,HU120
Köcsk,4190,HU222
Kocsola,22433,HU233
Kocsord,7445,HU323
Kóka,31361,HU120
Kokad,17455,HU321
Kökény,3540,HU231
Kőkút,13745,HU232
Kölcse,16665,HU323
Kölesd,10463,HU233
Kölked,17899,HU231
Kolontár,30182,HU213
Komádi,2167,HU321
Komárom,5449,HU212
Komjáti,10612,HU311
Komló,26408,HU231
Kömlő,14535,HU312
Kömlőd,7630,HU212
Komlódtótfalu,22336,HU323
Komlósd,9858,HU232
Komlóska,16559,HU311
Komoró,27146,HU323
Kömörő,23612,HU323
Kömpöc,13806,HU331
Kompolt,23995,HU312
Kondó,32498,HU311
Kondorfa,13028,HU222
Kondoros,10287,HU332
Kóny,11262,HU221
Konyár,25964,HU321
Kópháza,6895,HU221
Koppányszántó,21184,HU233
Korlát,22956,HU311
Körmend,13532,HU222
Környe,30553,HU212
Köröm,26602,HU311
Koroncó,24633,HU221
Kórós,8110,HU231
Kőröshegy,15510,HU232
Körösladány,11615,HU332
Körösnagyharsány,10764,HU332
Körösszakál,31130,HU321
Körösszegapáti,8943,HU321
Köröstarcsa,12900,HU332
Kőröstetétlen,32975,HU120
Körösújfalu,30164,HU332
Kosd,27687,HU120
Kóspallag,24679,HU120
Kőszárhegy,30650,HU211
Kőszeg,16832,HU222
Kőszegdoroszló,5740,HU222
Kőszegpaty,26046,HU222
Kőszegszerdahely,20109,HU222
Kótaj,23728,HU323
Kötcse,18148,HU232
Kötegyán,6804,HU332
Kőtelek,11235,HU322
Kovácshida,24226,HU231
Kovácsszénája,14517,HU231
Kovácsvágás,28547,HU311
Kővágóörs,23454,HU213
Kővágószőlős,15538,HU231
Kővágótöttös,6992,HU231
Kövegy,9955,HU333
Köveskál,25858,HU213
Kozárd,13842,HU313
Kozármisleny,6336,HU231
Kozmadombja,13082,HU223
Krasznokvajda,19576,HU311
Kübekháza,14410,HU333
Kulcs,34209,HU211
Külsősárd,32221,HU223
Külsővat,16142,HU213
Kunadacs,5856,HU331
Kunágota,16045,HU332
Kunbaja,6044,HU331
Kunbaracs,7728,HU331
Kuncsorba,5254,HU322
Kunfehértó,29027,HU331
Küngös,4066,HU213
Kunhegyes,22567,HU322
Kunmadaras,23171,HU322
Kunpeszér,31918,HU331
Kunszállás,31893,HU331
Kunszentmárton,32504,HU322
Kunszentmiklós,28130,HU331
Kunsziget,31626,HU221
Kup,26541,HU213
Kupa,18722,HU311
Kurd,20507,HU233
Kurityán,11819,HU311
Kustánszeg,19479,HU223
Kutas,28857,HU232
Kutasó,19451,HU313
Lábatlan,15255,HU212
Lábod,28291,HU232
Lácacséke,20844,HU311
Lad,16258,HU232
Ladánybene,5786,HU331
Ládbesenyő,26231,HU311
Lajoskomárom,7506,HU211
Lajosmizse,17677,HU331
Lak,15857,HU311
Lakhegy,33792,HU223
Lakitelek,6202,HU331
Lakócsa,11040,HU232
Lánycsók,33330,HU231
Lápafő,14605,HU233
Lapáncsa,6479,HU231
Laskod,21290,HU323
Lasztonya,3434,HU223
Látrány,14863,HU232
Lázi,4376,HU221
Leányfalu,30809,HU120
Leányvár,25487,HU212
Lébény,33668,HU221
Legénd,30395,HU313
Legyesbénye,11660,HU311
Léh,3531,HU311
Lénárddaróc,7038,HU311
Lendvadedes,27483,HU223
Lendvajakabfa,11475,HU223
Lengyel,24411,HU233
Lengyeltóti,26675,HU232
Lenti,12575,HU223
Lepsény,7269,HU211
Lesencefalu,17570,HU213
Lesenceistvánd,21962,HU213
Lesencetomaj,17871,HU213
Létavértes,5768,HU321
Letenye,12122,HU223
Letkés,22682,HU120
Levél,19239,HU221
Levelek,30979,HU323
Libickozma,32355,HU232
Lickóvadamos,3054,HU223
Liget,17604,HU231
Ligetfalva,28200,HU223
Lipót,16221,HU221
Lippó,22974,HU231
Liptód,10038,HU231
Lispeszentadorján,10889,HU223
Liszó,25025,HU223
Litér,4552,HU213
Litka,28219,HU311
Litke,4871,HU313
Lócs,29081,HU222
Lőkösháza,21209,HU332
Lókút,18856,HU213
Lónya,26091,HU323
Lórév,9140,HU120
Lőrinci,30401,HU312
Lothárd,31389,HU231
Lovas,5564,HU213
Lovasberény,19114,HU211
Lovászhetény,24624,HU231
Lovászi,28167,HU223
Lovászpatona,5087,HU213
Lövő,31194,HU221
Lövőpetri,7995,HU323
Lucfalva,20190,HU313
Ludányhalászi,2778,HU313
Ludas,15796,HU312
Lukácsháza,14021,HU222
Lulla,10010,HU232
Lúzsok,18865,HU231
Mád,3902,HU311
Madaras,23357,HU331
Madocsa,29337,HU233
Maglóca,26444,HU221
Maglód,10922,HU120
Mágocs,6813,HU231
Magosliget,29984,HU323
Magy,16629,HU323
Magyaralmás,27678,HU211
Magyaratád,10427,HU232
Magyarbánhegyes,27906,HU332
Magyarbóly,25177,HU231
Magyarcsanád,5962,HU333
Magyardombegyház,11536,HU332
Magyaregregy,29753,HU231
Magyaregres,25371,HU232
Magyarföld,8916,HU223
Magyargéc,26967,HU313
Magyargencs,26374,HU213
Magyarhertelend,5430,HU231
Magyarhomorog,3683,HU321
Magyarkeresztúr,13912,HU221
Magyarkeszi,6017,HU233
Magyarlak,3221,HU222
Magyarlukafa,23542,HU231
Magyarmecske,5412,HU231
Magyarnádalja,27289,HU222
Magyarnándor,32407,HU313
Magyarpolány,20437,HU213
Magyarsarlós,27067,HU231
Magyarszecsőd,17288,HU222
Magyarszék,22600,HU231
Magyarszentmiklós,2909,HU223
Magyarszerdahely,13064,HU223
Magyarszombatfa,25423,HU222
Magyartelek,4385,HU231
Majosháza,10755,HU120
Majs,27863,HU231
Makád,4394,HU120
Makkoshotyka,19600,HU311
Maklár,27696,HU312
Makó,7357,HU333
Malomsok,3610,HU213
Mályi,27395,HU311
Mályinka,14915,HU311
Mánd,2088,HU323
Mándok,17826,HU323
Mánfa,33923,HU231
Mány,23490,HU211
Maráza,29920,HU231
Marcalgergelyi,29294,HU213
Marcali,18500,HU232
Marcaltő,22220,HU213
Márfa,9450,HU231
Máriahalom,22637,HU212
Máriakálnok,12283,HU221
Máriakéménd,14483,HU231
Márianosztra,4570,HU120
Máriapócs,19655,HU323
Markaz,16540,HU312
Márkháza,14641,HU313
Márkó,32212,HU213
Markóc,16443,HU231
Markotabödöge,6770,HU221
Maróc,2103,HU223
Marócsa,15219,HU231
Márok,20659,HU231
Márokföld,31981,HU223
Márokpapi,33224,HU323
Maroslele,10515,HU333
Mártély,25733,HU333
Martfű,2626,HU322
Martonfa,2228,HU231
Martonvásár,4659,HU211
Martonyi,2024,HU311
Mátészalka,18874,HU323
Mátételke,27809,HU331
Mátraballa,19965,HU312
Mátraderecske,14872,HU312
Mátramindszent,20075,HU313
Mátranovák,19372,HU313
Mátraszele,24332,HU313
Mátraszentimre,29045,HU312
Mátraszőlős,4330,HU313
Mátraterenye,33525,HU313
Mátraverebély,30100,HU313
Matty,15051,HU231
Mátyásdomb,16948,HU211
Mátyus,20668,HU323
Máza,33756,HU231
Mecseknádasd,13444,HU231
Mecsekpölöske,11402,HU231
Mecsér,27359,HU221
Medgyesbodzás,20765,HU332
Medgyesegyháza,30128,HU332
Medina,30562,HU233
Meggyeskovácsi,25760,HU222
Megyaszó,21768,HU311
Megyehíd,30872,HU222
Megyer,4987,HU213
Méhkerék,23931,HU332
Méhtelek,29799,HU323
Mekényes,30492,HU231
Mélykút,16018,HU331
Mencshely,27137,HU213
Mende,3692,HU120
Méra,25618,HU311
Merenye,7737,HU231
Mérges,20385,HU221
Mérk,7463,HU323
Mernye,23630,HU232
Mersevát,14809,HU222
Mesterháza,31875,HU222
Mesteri,15723,HU222
Mesterszállás,30234,HU322
Meszes,11758,HU311
Meszlen,32832,HU222
Mesztegnyő,16106,HU232
Mezőberény,19628,HU332
Mezőcsát,13833,HU311
Mezőcsokonya,30854,HU232
Meződ,3470,HU231
Mezőfalva,17552,HU211
Mezőgyán,4206,HU332
Mezőhegyes,11873,HU332
Mezőhék,26286,HU322
Mezőkeresztes,11323,HU311
Mezőkomárom,5689,HU211
Mezőkovácsháza,30322,HU332
Mezőkövesd,19433,HU311
Mezőladány,32656,HU323
Mezőlak,23560,HU213
Mezőnagymihály,18379,HU311
Mezőnyárád,11749,HU311
Mezőörs,12812,HU221
Mezőpeterd,31033,HU321
Mezősas,18847,HU321
Mezőszemere,25089,HU312
Mezőszentgyörgy,6576,HU211
Mezőszilas,29036,HU211
Mezőtárkány,31662,HU312
Mezőtúr,4260,HU322
Mezőzombor,3443,HU311
Miháld,27526,HU223
Mihályfa,2130,HU223
Mihálygerge,13222,HU313
Mihályháza,4668,HU213
Mihályi,21980,HU221
Mike,20905,HU232
Mikebuda,24466,HU120
Mikekarácsonyfa,22141,HU223
Mikepércs,24217,HU321
Miklósi,33376,HU232
Mikófalva,31282,HU312
Mikóháza,24253,HU311
Mikosszéplak,30599,HU222
Milejszeg,2662,HU223
Milota,31750,HU323
Mindszent,21555,HU333
Mindszentgodisa,16285,HU231
Mindszentkálla,4534,HU213
Misefa,4756,HU223
Miske,30632,HU331
Miskolc,30456,HU311
Miszla,2811,HU233
Mocsa,26930,HU212
Mőcsény,33349,HU233
Mogyoród,17783,HU120
Mogyorósbánya,28255,HU212
Mogyoróska,10968,HU311
Moha,25715,HU211
Mohács,23959,HU231
Mohora,27915,HU313
Molnári,21014,HU223
Molnaszecsőd,3294,HU222
Molvány,29522,HU231
Monaj,9016,HU311
Monok,7825,HU311
Monor,10551,HU120
Monorierdő,34397,HU120
Mónosbél,31565,HU312
Monostorapáti,24040,HU213
Monostorpályi,25894,HU321
Monoszló,22512,HU213
Monyoród,16027,HU231
Mór,18485,HU211
Mórágy,20701,HU233
Mórahalom,4349,HU333
Móricgát,34096,HU331
Mórichida,2556,HU221
Mosdós,31343,HU232
Mosonmagyaróvár,4783,HU221
Mosonszentmiklós,33677,HU221
Mosonszolnok,28149,HU221
Mosonudvar,34412,HU221
Mozsgó,29540,HU231
Mucsfa,13620,HU233
Mucsi,7029,HU233
Múcsony,21546,HU311
Muhi,2158,HU311
Murakeresztúr,25210,HU223
Murarátka,7968,HU223
Muraszemenye,33987,HU223
Murga,18917,HU233
Murony,11989,HU332
Nábrád,19211,HU323
Nadap,27599,HU211
Nádasd,6716,HU222
Nádasdladány,13903,HU211
Nádudvar,28103,HU321
Nágocs,15909,HU232
Nagyacsád,23551,HU213
Nagyalásony,27979,HU213
Nagyar,4710,HU323
Nagyatád,17941,HU232
Nagybajcs,2361,HU221
Nagybajom,21652,HU232
Nagybakónak,12760,HU223
Nagybánhegyes,26028,HU332
Nagybaracska,25955,HU331
Nagybarca,29188,HU311
Nagybárkány,16391,HU313
Nagyberény,29063,HU232
Nagyberki,21449,HU232
Nagybörzsöny,14775,HU120
Nagybudmér,3984,HU231
Nagycenk,2495,HU221
Nagycsány,18111,HU231
Nagycsécs,5582,HU311
Nagycsepely,20598,HU232
Nagycserkesz,22743,HU323
Nagydém,10001,HU213
Nagydobos,21485,HU323
Nagydobsza,33899,HU231
Nagydorog,18388,HU233
Nagyecsed,6488,HU323
Nagyér,20914,HU333
Nagyesztergár,23180,HU213
Nagyfüged,26879,HU312
Nagygeresd,9283,HU222
Nagygörbő,5218,HU223
Nagygyimót,8262,HU213
Nagyhajmás,12858,HU231
Nagyhalász,27155,HU323
Nagyharsány,2653,HU231
Nagyhegyes,9478,HU321
Nagyhódos,26976,HU323
Nagyhuta,15468,HU311
Nagyigmánd,22372,HU212
Nagyiván,21689,HU322
Nagykálló,24785,HU323
Nagykamarás,4242,HU332
Nagykanizsa,30933,HU223
Nagykapornak,20589,HU223
Nagykarácsony,7001,HU211
Nagykáta,13435,HU120
Nagykereki,8907,HU321
Nagykeresztúr,34281,HU313
Nagykinizs,26505,HU311
Nagykökényes,24943,HU312
Nagykölked,32920,HU222
Nagykónyi,27182,HU233
Nagykőrös,19716,HU120
Nagykorpád,32805,HU232
Nagykörű,15574,HU322
Nagykovácsi,9991,HU120
Nagykozár,10940,HU231
Nagykutas,22178,HU223
Nagylak,12779,HU333
Nagylengyel,4455,HU223
Nagylóc,21102,HU313
Nagylók,32364,HU211
Nagylózs,32939,HU221
Nagymágocs,17233,HU333
Nagymányok,14030,HU233
Nagymaros,31732,HU120
Nagymizdó,15060,HU222
Nagynyárád,14650,HU231
Nagyoroszi,23986,HU313
Nagypáli,28468,HU223
Nagypall,19877,HU231
Nagypeterd,27164,HU231
Nagypirit,21403,HU213
Nagyrábé,6309,HU321
Nagyrada,16513,HU223
Nagyrákos,29869,HU222
Nagyrécse,14979,HU223
Nagyréde,31486,HU312
Nagyrév,6318,HU322
Nagyrozvágy,33181,HU311
Nagysáp,27076,HU212
Nagysimonyi,26143,HU222
Nagyszakácsi,25520,HU232
Nagyszékely,6761,HU233
Nagyszekeres,27988,HU323
Nagyszénás,8244,HU332
Nagyszentjános,33543,HU221
Nagyszokoly,13709,HU233
Nagytálya,27605,HU312
Nagytarcsa,23409,HU120
Nagytevel,25201,HU213
Nagytilaj,24837,HU222
Nagytőke,29179,HU333
Nagytótfalu,28927,HU231
Nagyút,10418,HU312
Nagyvarsány,33783,HU323
Nagyváty,14191,HU231
Nagyvázsony,19196,HU213
Nagyvejke,16452,HU233
Nagyveleg,23588,HU211
Nagyvenyim,26134,HU211
Nagyvisnyó,28282,HU312
Nak,2796,HU233
Napkor,8420,HU323
Nárai,17367,HU222
Narda,2042,HU222
Naszály,20163,HU212
Négyes,24156,HU311
Nekézseny,28033,HU311
Nemesapáti,6169,HU223
Nemesbikk,5245,HU311
Nemesbőd,24509,HU222
Nemesborzova,27119,HU323
Nemesbük,32948,HU223
Nemescsó,23320,HU222
Nemesdéd,7913,HU232
Nemesgörzsöny,5652,HU213
Nemesgulács,2787,HU213
Nemeshany,5555,HU213
Nemeshetés,7658,HU223
Nemeske,18236,HU231
Nemeskér,29328,HU221
Nemeskeresztúr,3674,HU222
Nemeskisfalud,25511,HU232
Nemeskocs,2839,HU222
Nemeskolta,24059,HU222
Nemesládony,26240,HU222
Nemesmedves,31556,HU222
Nemesnádudvar,32540,HU331
Nemesnép,32665,HU223
Nemespátró,19859,HU223
Nemesrádó,18023,HU223
Nemesrempehollós,9672,HU222
Nemessándorháza,25609,HU223
Nemesszalók,21759,HU213
Nemesszentandrás,8059,HU223
Nemesvámos,2194,HU213
Nemesvid,17561,HU232
Nemesvita,28422,HU213
Németbánya,10409,HU213
Németfalu,25414,HU223
Németkér,15006,HU233
Nemti,27580,HU313
Neszmély,33826,HU212
Nézsa,9797,HU313
Nick,10843,HU222
Nikla,10959,HU232
Nógrád,4358,HU313
Nógrádkövesd,32300,HU313
Nógrádmarcal,29832,HU313
Nógrádmegyer,12131,HU313
Nógrádsáp,8387,HU313
Nógrádsipek,19497,HU313
Nógrádszakál,27340,HU313
Nóráp,26523,HU213
Noszlop,14757,HU213
Noszvaj,18810,HU312
Nőtincs,29425,HU313
Nova,3355,HU223
Novaj,29276,HU312
Novajidrány,27191,HU311
Nyalka,19752,HU221
Nyárád,29009,HU213
Nyáregyháza,23038,HU120
Nyárlőrinc,23056,HU331
Nyársapát,20066,HU120
Nyékládháza,12885,HU311
Nyergesújfalu,15352,HU212
Nyésta,4419,HU311
Nyim,3203,HU232
Nyírábrány,32294,HU321
Nyíracsád,14003,HU321
Nyirád,24004,HU213
Nyíradony,6187,HU321
Nyírbátor,14845,HU323
Nyírbéltek,15802,HU323
Nyírbogát,31158,HU323
Nyírbogdány,28802,HU323
Nyírcsaholy,7904,HU323
Nyírcsászári,25973,HU323
Nyírderzs,5041,HU323
Nyíregyháza,17206,HU323
Nyírgelse,28440,HU323
Nyírgyulaj,9238,HU323
Nyíri,26435,HU311
Nyíribrony,14696,HU323
Nyírjákó,31477,HU323
Nyírkarász,18290,HU323
Nyírkáta,32452,HU323
Nyírkércs,25928,HU323
Nyírlövő,11095,HU323
Nyírlugos,11271,HU323
Nyírmada,12274,HU323
Nyírmártonfalva,32382,HU321
Nyírmeggyes,23269,HU323
Nyírmihálydi,26365,HU323
Nyírparasznya,10807,HU323
Nyírpazony,33145,HU323
Nyírpilis,3878,HU323
Nyírtass,28060,HU323
Nyírtelek,13550,HU323
Nyírtét,9256,HU323
Nyírtura,12098,HU323
Nyírvasvári,16522,HU323
Nyőgér,22318,HU222
Nyomár,4215,HU311
Nyugotszenterzsébet,26329,HU231
Nyúl,12955,HU221
Óbánya,12645,HU231
Óbarok,34306,HU211
Óbudavár,23913,HU213
Öcs,28112,HU213
Ócsa,4075,HU120
Ócsárd,3780,HU231
Őcsény,8961,HU233
Öcsöd,28006,HU322
Ófalu,19646,HU231
Ófehértó,22284,HU323
Óföldeák,7755,HU333
Óhíd,27775,HU223
Okány,19257,HU332
Okorág,20686,HU231
Ököritófülpös,31769,HU323
Okorvölgy,8341,HU231
Olasz,18555,HU231
Olaszfa,19743,HU222
Olaszfalu,26514,HU213
Olaszliszka,31778,HU311
Ölbő,12043,HU222
Olcsva,11129,HU323
Olcsvaapáti,10834,HU323
Old,21704,HU231
Ólmod,22044,HU222
Oltárc,25478,HU223
Ömböly,26550,HU323
Onga,22558,HU311
Ónod,22628,HU311
Ópályi,27924,HU323
Ópusztaszer,12797,HU333
Őr,9025,HU323
Orbányosfa,20835,HU223
Őrbottyán,8545,HU120
Orci,24536,HU232
Ordacsehi,16823,HU232
Ordas,16276,HU331
Öregcsertő,8679,HU331
Öreglak,7056,HU232
Orfalu,17093,HU222
Orfű,11730,HU231
Orgovány,16939,HU331
Őrhalom,3249,HU313
Őrimagyarósd,13453,HU222
Őriszentpéter,10630,HU222
Örkény,5281,HU120
Ormándlak,22497,HU223
Örményes,29382,HU322
Örménykút,27438,HU332
Ormosbánya,34069,HU311
Orosháza,23065,HU332
Oroszi,16595,HU213
Oroszlány,30766,HU212
Oroszló,4482,HU231
Orosztony,25052,HU223
Ortaháza,4950,HU223
Őrtilos,14012,HU232
Örvényes,10092,HU213
Ősagárd,19318,HU313
Ősi,24068,HU213
Öskü,25450,HU213
Osli,15121,HU221
Ostffyasszonyfa,32629,HU222
Ostoros,27216,HU312
Oszkó,7667,HU222
Oszlár,2866,HU311
Osztopán,19770,HU232
Öttevény,2635,HU221
Öttömös,31079,HU333
Ötvöskónyi,32115,HU232
Ózd,14492,HU311
Ózdfalu,18661,HU231
Ozmánbük,18953,HU223
Ozora,5661,HU233
Pácin,15893,HU311
Pacsa,31741,HU223
Pácsony,7162,HU222
Padár,24776,HU223
Páhi,18670,HU331
Páka,29160,HU223
Pakod,24271,HU223
Pákozd,25751,HU211
Paks,4862,HU233
Palé,23764,HU231
Pálfa,9371,HU233
Pálfiszeg,14720,HU223
Pálháza,12362,HU311
Páli,19637,HU221
Palkonya,7153,HU231
Pálmajor,34041,HU232
Pálmonostora,2705,HU331
Pálosvörösmart,34324,HU312
Palotabozsok,10135,HU231
Palotás,5883,HU313
Paloznak,17011,HU213
Pamlény,12371,HU311
Pamuk,26392,HU232
Pánd,22248,HU120
Pankasz,23108,HU222
Pannonhalma,24305,HU221
Pányok,24730,HU311
Panyola,29559,HU323
Pap,27748,HU323
Pápa,31945,HU213
Pápadereske,19868,HU213
Pápakovácsi,11855,HU213
Pápasalamon,21607,HU213
Pápateszér,31255,HU213
Papkeszi,7348,HU213
Pápoc,14067,HU222
Papos,32577,HU323
Páprád,7010,HU231
Parád,7436,HU312
Parádsasvár,20215,HU312
Parasznya,26745,HU311
Pári,9618,HU233
Paszab,31972,HU323
Pásztó,7409,HU313
Pásztori,23481,HU221
Pat,29656,HU223
Patak,7199,HU313
Patalom,6141,HU232
Patapoklosi,17792,HU231
Patca,12168,HU232
Pátka,28848,HU211
Patosfa,15592,HU232
Pátroha,12186,HU323
Patvarc,33880,HU313
Páty,15024,HU120
Pátyod,23685,HU323
Pázmánd,21786,HU211
Pázmándfalu,12715,HU221
Pécel,4057,HU120
Pecöl,14988,HU222
Pécs,19415,HU231
Pécsbagota,21519,HU231
Pécsdevecser,15389,HU231
Pécsely,22451,HU213
Pécsudvard,21096,HU231
Pécsvárad,10825,HU231
Pellérd,16115,HU231
Pély,19567,HU312
Penc,18689,HU120
Penészlek,17084,HU323
Penyige,32692,HU323
Pénzesgyőr,15547,HU213
Pér,15529,HU221
Perbál,28185,HU120
Pere,24420,HU311
Perecse,32683,HU311
Pereked,12867,HU231
Perenye,13684,HU222
Peresznye,8882,HU222
Pereszteg,23773,HU221
Perkáta,19354,HU211
Perkupa,33419,HU311
Perőcsény,4181,HU120
Peterd,32425,HU231
Péterhida,29197,HU232
Péteri,21847,HU120
Pétervására,12070,HU312
Pétfürdő,34254,HU213
Pethőhenye,5704,HU223
Petneháza,17224,HU323
Petőfibánya,33686,HU312
Petőfiszállás,15431,HU331
Petőháza,22831,HU221
Petőmihályfa,11572,HU222
Petrikeresztúr,19178,HU223
Petrivente,30757,HU223
Pettend,29762,HU231
Piliny,11590,HU313
Pilis,9821,HU120
Pilisborosjenő,29601,HU120
Piliscsaba,7144,HU120
Piliscsév,21874,HU212
Pilisjászfalu,34148,HU120
Pilismarót,14669,HU212
Pilisszántó,5290,HU120
Pilisszentiván,11396,HU120
Pilisszentkereszt,18731,HU120
Pilisszentlászló,8457,HU120
Pilisvörösvár,14340,HU120
Pincehely,19585,HU233
Pinkamindszent,6248,HU222
Pinnye,14687,HU221
Piricse,3391,HU323
Pirtó,15398,HU331
Piskó,23506,HU231
Pitvaros,6284,HU333
Pócsa,22266,HU231
Pocsaj,11837,HU321
Pócsmegyer,4905,HU120
Pócspetri,11244,HU323
Pogány,17242,HU231
Pogányszentpéter,27553,HU232
Pókaszepetk,21050,HU223
Polány,13790,HU232
Polgár,23117,HU321
Polgárdi,17525,HU211
Pölöske,9867,HU223
Pölöskefő,31112,HU223
Pomáz,6372,HU120
Pörböly,33570,HU233
Porcsalma,17215,HU323
Pördefölde,32513,HU223
Pornóapáti,20367,HU222
Poroszló,22196,HU312
Porpác,29896,HU222
Porrog,11828,HU232
Porrogszentkirály,13930,HU232
Porrogszentpál,28510,HU232
Pórszombat,16850,HU223
Porva,23515,HU213
Pósfa,15671,HU222
Potony,28361,HU232
Pötréte,24660,HU223
Potyond,27304,HU221
Prügy,21272,HU311
Pula,11420,HU213
Püski,12964,HU221
Püspökhatvan,21388,HU120
Püspökladány,10162,HU321
Püspökmolnári,7278,HU222
Püspökszilágy,4303,HU120
Pusztaapáti,16920,HU223
Pusztaberki,17862,HU313
Pusztacsalád,31370,HU221
Pusztacsó,10311,HU222
Pusztadobos,13860,HU323
Pusztaederics,27465,HU223
Pusztafalu,17048,HU311
Pusztaföldvár,5397,HU332
Pusztahencse,19938,HU233
Pusztakovácsi,19026,HU232
Pusztamagyaród,6530,HU223
Pusztamérges,6354,HU333
Pusztamiske,28972,HU213
Pusztamonostor,15246,HU322
Pusztaottlaka,19594,HU332
Pusztaradvány,15413,HU311
Pusztaszabolcs,29018,HU211
Pusztaszemes,23311,HU232
Pusztaszentlászló,26639,HU223
Pusztaszer,28592,HU333
Pusztavacs,23083,HU120
Pusztavám,17774,HU211
Pusztazámor,15583,HU120
Putnok,27410,HU311
Rábacsanak,4792,HU221
Rábacsécsény,33701,HU221
Rábagyarmat,26736,HU222
Rábahídvég,3197,HU222
Rábakecöl,14793,HU221
Rábapatona,25335,HU221
Rábapaty,26073,HU222
Rábapordány,24721,HU221
Rábasebes,20136,HU221
Rábaszentandrás,15273,HU221
Rábaszentmihály,33710,HU221
Rábaszentmiklós,17297,HU221
Rábatamási,15422,HU221
Rábatöttös,17996,HU222
Rábcakapi,3753,HU221
Rácalmás,9900,HU211
Ráckeresztúr,2015,HU211
Ráckeve,17260,HU120
Rád,2370,HU120
Rádfalva,11518,HU231
Rádóckölked,7551,HU222
Radostyán,21193,HU311
Ragály,6053,HU311
Rajka,26587,HU221
Rakaca,29717,HU311
Rakacaszend,16133,HU311
Rakamaz,14739,HU323
Rákóczibánya,34360,HU313
Rákóczifalva,14207,HU322
Rákócziújfalu,12423,HU322
Ráksi,30863,HU232
Ramocsa,14298,HU223
Ramocsaháza,31857,HU323
Rápolt,9061,HU323
Raposka,3948,HU213
Rásonysápberencs,31909,HU311
Rátka,12469,HU311
Rátót,23861,HU222
Ravazd,21801,HU221
Recsk,9609,HU312
Réde,30012,HU212
Rédics,31592,HU223
Regéc,8402,HU311
Regenye,25292,HU231
Regöly,15459,HU233
Rém,26310,HU331
Remeteszőlős,34315,HU120
Répáshuta,31884,HU311
Répcelak,30881,HU222
Répceszemere,14438,HU221
Répceszentgyörgy,28626,HU222
Répcevis,7746,HU221
Resznek,17118,HU223
Rétalap,33969,HU221
Rétközberencs,21573,HU323
Rétság,23825,HU313
Révfülöp,5625,HU213
Révleányvár,9317,HU311
Rezi,23898,HU223
Ricse,19220,HU311
Rigács,25849,HU213
Rigyác,24138,HU223
Rimóc,28884,HU313
Rinyabesenyő,5078,HU232
Rinyakovácsi,32674,HU232
Rinyaszentkirály,26754,HU232
Rinyaújlak,20622,HU232
Rinyaújnép,20321,HU232
Rohod,24581,HU323
Röjtökmuzsaj,11068,HU221
Románd,17507,HU221
Romhány,12195,HU313
Romonya,24855,HU231
Rönök,26806,HU222
Röszke,13161,HU333
Rózsafa,4516,HU231
Rozsály,17428,HU323
Rózsaszentmárton,27650,HU312
Rudabánya,23029,HU311
Rudolftelep,34120,HU311
Rum,10597,HU222
Ruzsa,3966,HU333
Ságújfalu,12520,HU313
Ságvár,14942,HU232
Sajóbábony,3504,HU311
Sajóecseg,27331,HU311
Sajógalgóc,10171,HU311
Sajóhídvég,3081,HU311
Sajóivánka,3212,HU311
Sajókápolna,21670,HU311
Sajókaza,14313,HU311
Sajókeresztúr,26949,HU311
Sajólád,27173,HU311
Sajólászlófalva,22479,HU311
Sajómercse,15945,HU311
Sajónémeti,11332,HU311
Sajóörös,8129,HU311
Sajópálfala,18537,HU311
Sajópetri,16638,HU311
Sajópüspöki,23782,HU311
Sajósenye,8970,HU311
Sajószentpéter,16054,HU311
Sajószöged,30340,HU311
Sajóvámos,20738,HU311
Sajóvelezd,27757,HU311
Sajtoskál,10579,HU222
Salföld,30793,HU213
Salgótarján,25788,HU313
Salköveskút,18883,HU222
Salomvár,27720,HU223
Sály,4729,HU311
Sámod,18050,HU231
Sámsonháza,24572,HU313
Sand,15556,HU223
Sándorfalva,31705,HU333
Sántos,31121,HU232
Sáp,26116,HU321
Sáránd,25007,HU321
Sárazsadány,20516,HU311
Sárbogárd,23694,HU211
Sáregres,2723,HU211
Sárfimizdó,9788,HU222
Sárhida,8101,HU223
Sárisáp,26903,HU212
Sarkad,28565,HU332
Sarkadkeresztúr,25168,HU332
Sárkeresztes,31802,HU211
Sárkeresztúr,25344,HU211
Sárkeszi,2699,HU211
Sármellék,14906,HU223
Sárok,20862,HU231
Sárosd,25140,HU211
Sárospatak,27474,HU311
Sárpilis,4747,HU233
Sárrétudvari,23940,HU321
Sarród,30021,HU221
Sárszentágota,31538,HU211
Sárszentlőrinc,20817,HU233
Sárszentmihály,11776,HU211
Sarud,7180,HU312
Sárvár,21306,HU222
Sásd,32160,HU231
Sáska,13772,HU213
Sáta,2875,HU311
Sátoraljaújhely,5120,HU311
Sátorhely,33482,HU231
Sávoly,2051,HU232
Sé,10278,HU222
Segesd,27368,HU232
Sellye,28741,HU231
Selyeb,25380,HU311
Semjén,23755,HU311
Semjénháza,30997,HU223
Sénye,14085,HU223
Sényő,4491,HU323
Seregélyes,20206,HU211
Serényfalva,32531,HU311
Sérsekszőlős,32133,HU232
Sikátor,8606,HU221
Siklós,5519,HU231
Siklósbodony,23205,HU231
Siklósnagyfalu,8800,HU231
Sima,23418,HU311
Simaság,26763,HU222
Simonfa,32780,HU232
Simontornya,20783,HU233
Sióagárd,25645,HU233
Siófok,17631,HU232
Siójut,23092,HU232
Sirok,8527,HU312
Sitke,30748,HU222
Sobor,24208,HU221
Söjtör,19080,HU223
Sokorópátka,12627,HU221
Solt,29115,HU331
Soltszentimre,18218,HU331
Soltvadkert,19983,HU331
Sóly,3601,HU213
Solymár,7384,HU120
Som,4127,HU232
Somberek,23472,HU231
Somlójenő,5157,HU213
Somlószőlős,25779,HU213
Somlóvásárhely,26569,HU213
Somlóvecse,14243,HU213
Somodor,13824,HU232
Somogyacsa,30580,HU232
Somogyapáti,23807,HU231
Somogyaracs,5500,HU232
Somogyaszaló,31219,HU232
Somogybabod,32470,HU232
Somogybükkösd,25043,HU232
Somogycsicsó,11484,HU232
Somogydöröcske,15981,HU232
Somogyegres,20057,HU232
Somogyfajsz,18078,HU232
Somogygeszti,20330,HU232
Somogyhárságy,29142,HU231
Somogyhatvan,25070,HU231
Somogyjád,28963,HU232
Somogymeggyes,12876,HU232
Somogysámson,15626,HU232
Somogysárd,28723,HU232
Somogysimonyi,27535,HU232
Somogyszentpál,6600,HU232
Somogyszil,3416,HU232
Somogyszob,18546,HU232
Somogytúr,32601,HU232
Somogyudvarhely,4853,HU232
Somogyvámos,21856,HU232
Somogyvár,19442,HU232
Somogyviszló,21281,HU231
Somogyzsitfa,4835,HU232
Somoskőújfalu,1526,HU313
Sonkád,23889,HU323
Soponya,33321,HU211
Sopron,8518,HU221
Sopronhorpács,29090,HU221
Sopronkövesd,25724,HU221
Sopronnémeti,2617,HU221
Söpte,24800,HU222
Söréd,2893,HU211
Sorkifalud,7171,HU222
Sorkikápolna,27960,HU222
Sormás,6567,HU223
Sorokpolány,29692,HU222
Sóshartyán,14881,HU313
Sóskút,6840,HU120
Sóstófalva,13268,HU311
Sósvertike,31714,HU231
Sótony,22983,HU222
Sukoró,14951,HU211
Sükösd,21245,HU331
Sülysáp,21713,HU120
Sümeg,25593,HU213
Sümegcsehi,21397,HU223
Sümegprága,5388,HU213
Sumony,2547,HU231
Súr,31990,HU212
Surd,2404,HU223
Süttő,8688,HU212
Szabadbattyán,28705,HU211
Szabadegyháza,13259,HU211
Szabadhídvég,18740,HU211
Szabadi,14854,HU232
Szabadkígyós,31325,HU332
Szabadszállás,25061,HU331
Szabadszentkirály,15079,HU231
Szabás,28574,HU232
Szabolcs,19169,HU323
Szabolcsbáka,22053,HU323
Szabolcsveresmart,3586,HU323
Szada,21458,HU120
Szágy,27508,HU231
Szajk,8475,HU231
Szajla,16063,HU312
Szajol,5874,HU322
Szakácsi,32258,HU311
Szakadát,15316,HU233
Szakáld,3805,HU311
Szakály,4464,HU233
Szakcs,10083,HU233
Szakmár,19530,HU331
Szaknyér,16504,HU222
Szakoly,4774,HU323
Szakony,11369,HU221
Szakonyfalu,20932,HU222
Szákszend,33516,HU212
Szalafő,10223,HU222
Szalánta,22257,HU231
Szalapa,20543,HU223
Szalaszend,31015,HU311
Szalatnak,9007,HU231
Szálka,14711,HU233
Szalkszentmárton,19947,HU331
Szalmatercs,19798,HU313
Szalonna,16753,HU311
Szamosangyalos,18005,HU323
Szamosbecs,22017,HU323
Szamoskér,16300,HU323
Szamossályi,10436,HU323
Szamosszeg,13046,HU323
Szamostatárfalva,30085,HU323
Szamosújlak,31273,HU323
Szanda,13754,HU313
Szank,11794,HU331
Szántód,34236,HU232
Szany,8536,HU221
Szápár,16489,HU213
Szaporca,34032,HU231
Szár,19549,HU211
Szárász,7366,HU231
Szárazd,18263,HU233
Szárföld,15714,HU221
Szárliget,33491,HU212
Szarvas,23870,HU332
Szarvasgede,10199,HU313
Szarvaskend,17729,HU222
Szarvaskő,3382,HU312
Szászberek,5777,HU322
Szászfa,8147,HU311
Szászvár,33765,HU231
Szatmárcseke,31237,HU323
Szátok,15325,HU313
Szatta,2440,HU222
Szatymaz,12007,HU333
Szava,31060,HU231
Százhalombatta,17312,HU120
Szebény,3018,HU231
Szécsénke,23047,HU313
Szécsény,6628,HU313
Szécsényfelfalu,33011,HU313
Szécsisziget,11554,HU223
Szederkény,5607,HU231
Szedres,16814,HU233
Szeged,33367,HU333
Szegerdő,18607,HU232
Szeghalom,21883,HU332
Szegi,33817,HU311
Szegilong,31510,HU311
Szegvár,32489,HU333
Székely,31088,HU323
Székelyszabar,16771,HU231
Székesfehérvár,14827,HU211
Székkutas,12265,HU333
Szekszárd,22761,HU233
Szeleste,33172,HU222
Szelevény,20428,HU322
Szellő,16984,HU231
Szemely,9308,HU231
Szemenye,27997,HU222
Szemere,9830,HU311
Szendehely,4507,HU313
Szendrő,8077,HU311
Szendrőlád,27456,HU311
Szenna,15103,HU232
Szenta,11509,HU232
Szentantalfa,3568,HU213
Szentbalázs,25706,HU232
Szentbékkálla,7092,HU213
Szentborbás,32841,HU232
Szentdénes,32009,HU231
Szentdomonkos,13231,HU312
Szente,9043,HU313
Szentegát,33613,HU231
Szentendre,15440,HU120
Szentes,14456,HU333
Szentgál,7922,HU213
Szentgáloskér,12973,HU232
Szentgotthárd,31583,HU222
Szentgyörgyvár,23126,HU223
Szentgyörgyvölgy,18652,HU223
Szentimrefalva,10065,HU213
Szentistván,22169,HU311
Szentistvánbaksa,8484,HU311
Szentjakabfa,11545,HU213
Szentkatalin,9803,HU231
Szentkirály,21120,HU331
Szentkirályszabadja,16267,HU213
Szentkozmadombja,3124,HU223
Szentlászló,16355,HU231
Szentliszló,8615,HU223
Szentlőrinc,15866,HU231
Szentlőrinckáta,7542,HU120
Szentmargitfalva,14225,HU223
Szentmártonkáta,28653,HU120
Szentpéterfa,21254,HU222
Szentpéterfölde,30067,HU223
Szentpéterszeg,19099,HU321
Szentpéterúr,11165,HU223
Szenyér,30146,HU232
Szepetnek,7700,HU223
Szerecseny,3887,HU221
Szeremle,28820,HU331
Szerencs,30739,HU311
Szerep,33437,HU321
Szergény,27793,HU222
Szigetbecse,26259,HU120
Szigetcsép,7870,HU120
Szigethalom,13277,HU120
Szigetmonostor,26213,HU120
Szigetszentmárton,15185,HU120
Szigetszentmiklós,28954,HU120
Szigetújfalu,22114,HU120
Szigetvár,26578,HU231
Szigliget,24891,HU213
Szihalom,11013,HU312
Szijártóháza,26161,HU223
Szikszó,21351,HU311
Szil,19266,HU221
Szilágy,19831,HU231
Szilaspogony,7959,HU313
Szilsárkány,3364,HU221
Szilvágy,17853,HU223
Szilvás,24712,HU231
Szilvásszentmárton,32461,HU232
Szilvásvárad,5643,HU312
Szin,20871,HU311
Szinpetri,11493,HU311
Szirák,21634,HU313
Szirmabesenyő,9496,HU311
Szob,24916,HU120
Szőc,16692,HU213
Szőce,19521,HU222
Sződ,12690,HU120
Sződliget,28866,HU120
Szögliget,16179,HU311
Szőke,22211,HU231
Szőkéd,7694,HU231
Szőkedencs,5810,HU232
Szokolya,6947,HU120
Szólád,15194,HU232
Szolnok,27854,HU322
Szőlősardó,7889,HU311
Szőlősgyörök,11101,HU232
Szombathely,3009,HU222
Szomód,22619,HU212
Szomolya,18892,HU311
Szomor,21421,HU212
Szörény,5528,HU231
Szorgalmatos,34388,HU323
Szorosad,5193,HU232
Szúcs,13523,HU312
Szűcsi,9982,HU312
Szügy,18786,HU313
Szuha,28194,HU313
Szuhafő,3160,HU311
Szuhakálló,11110,HU311
Szuhogy,24606,HU311
Szulimán,15404,HU231
Szulok,10986,HU232
Szűr,11217,HU231
Szurdokpüspöki,19044,HU313
Tab,8590,HU232
Tabajd,14465,HU211
Tabdi,25432,HU331
Táborfalva,8332,HU120
Tác,29267,HU211
Tagyon,17039,HU213
Tahitótfalu,31963,HU120
Takácsi,13125,HU213
Tákos,29911,HU323
Taksony,30720,HU120
Taktabáj,3708,HU311
Taktaharkány,18245,HU311
Taktakenéz,28787,HU311
Taktaszada,3133,HU311
Taliándörögd,17321,HU213
Tállya,12210,HU311
Tamási,24563,HU233
Tanakajd,16212,HU222
Táp,14261,HU221
Tápióbicske,15015,HU120
Tápiógyörgye,17303,HU120
Tápióság,9405,HU120
Tápiószecső,31796,HU120
Tápiószele,14146,HU120
Tápiószentmárton,14571,HU120
Tápiószőlős,2769,HU120
Táplánszentkereszt,32045,HU222
Tapolca,29434,HU213
Tapsony,24615,HU232
Tápszentmiklós,21971,HU221
Tar,32896,HU313
Tarany,16735,HU232
Tarcal,21740,HU311
Tard,8165,HU311
Tardona,14784,HU311
Tardos,30225,HU212
Tarhos,33075,HU332
Tarján,18935,HU212
Tarjánpuszta,33914,HU221
Tárkány,20987,HU212
Tarnabod,32966,HU312
Tarnalelesz,13240,HU312
Tarnaméra,23348,HU312
Tarnaörs,14128,HU312
Tarnaszentmária,9052,HU312
Tarnaszentmiklós,16160,HU312
Tarnazsadány,17163,HU312
Tárnok,4154,HU120
Tárnokréti,4172,HU221
Tarpa,4312,HU323
Tarrós,15635,HU231
Táska,13693,HU232
Tass,20525,HU331
Taszár,4932,HU232
Tát,8758,HU212
Tata,20127,HU212
Tatabánya,18157,HU212
Tataháza,14544,HU331
Tatárszentgyörgy,27386,HU120
Tázlár,24998,HU331
Téglás,23214,HU321
Tekenye,24703,HU223
Tékes,27702,HU231
Teklafalu,32072,HU231
Telekes,29568,HU222
Telekgerendás,12681,HU332
Teleki,23968,HU232
Telki,8280,HU120
Telkibánya,13763,HU311
Tengelic,6901,HU233
Tengeri,13675,HU231
Tengőd,32416,HU232
Tenk,14076,HU312
Tényő,11457,HU221
Tépe,31042,HU321
Terem,33358,HU323
Terény,4844,HU313
Tereske,24174,HU313
Teresztenye,28635,HU311
Terpes,12229,HU312
Tés,20570,HU213
Tésa,19248,HU120
Tésenfa,32744,HU231
Téseny,20978,HU231
Teskánd,8828,HU223
Tét,19035,HU221
Tetétlen,19691,HU321
Tevel,31459,HU233
Tibolddaróc,30447,HU311
Tiborszállás,8952,HU323
Tihany,30465,HU213
Tikos,17844,HU232
Tilaj,27951,HU223
Timár,24475,HU323
Tinnye,7108,HU120
Tiszaadony,9423,HU323
Tiszaalpár,24545,HU331
Tiszabábolna,2291,HU311
Tiszabecs,17817,HU323
Tiszabercel,3850,HU323
Tiszabezdéd,20172,HU323
Tiszabő,10773,HU322
Tiszabura,22770,HU322
Tiszacsécse,24448,HU323
Tiszacsege,15644,HU321
Tiszacsermely,29133,HU311
Tiszadada,6433,HU323
Tiszaderzs,16230,HU322
Tiszadob,12593,HU323
Tiszadorogma,3717,HU311
Tiszaeszlár,9113,HU323
Tiszaföldvár,13815,HU322
Tiszafüred,29726,HU322
Tiszagyenda,30304,HU322
Tiszagyulaháza,30845,HU321
Tiszaigar,28699,HU322
Tiszainoka,20446,HU322
Tiszajenő,29346,HU322
Tiszakanyár,8554,HU323
Tiszakarád,13976,HU311
Tiszakécske,30623,HU331
Tiszakerecseny,4446,HU323
Tiszakeszi,13888,HU311
Tiszakóród,8794,HU323
Tiszakürt,30386,HU322
Tiszaladány,19381,HU311
Tiszalök,23524,HU323
Tiszalúc,28398,HU311
Tiszamogyorós,11907,HU323
Tiszanagyfalu,27252,HU323
Tiszanána,7083,HU312
Tiszaörs,15787,HU322
Tiszapalkonya,8633,HU311
Tiszapüspöki,3373,HU322
Tiszarád,10205,HU323
Tiszaroff,20181,HU322
Tiszasas,21494,HU322
Tiszasüly,17695,HU322
Tiszaszalka,13541,HU323
Tiszaszentimre,22789,HU322
Tiszaszentmárton,27544,HU323
Tiszasziget,16966,HU333
Tiszaszőlős,7852,HU322
Tiszatardos,30298,HU311
Tiszatarján,30377,HU311
Tiszatelek,14447,HU323
Tiszatenyő,9627,HU322
Tiszaug,14094,HU331
Tiszaújváros,28352,HU311
Tiszavalk,10977,HU311
Tiszavárkony,31866,HU322
Tiszavasvári,7597,HU323
Tiszavid,33747,HU323
Tisztaberek,27261,HU323
Tivadar,20260,HU323
Tóalmás,21467,HU120
Tófalu,9964,HU312
Tófej,5342,HU223
Tófű,4048,HU231
Tök,24527,HU120
Tokaj,18306,HU311
Tokod,14155,HU212
Tokodaltáró,34023,HU212
Tököl,29823,HU120
Tokorcs,9229,HU222
Tolcsva,28051,HU311
Told,25876,HU321
Tolmács,6381,HU313
Tolna,25274,HU233
Tolnanémedi,11031,HU233
Töltéstava,16674,HU221
Tomajmonostora,9557,HU322
Tomor,14890,HU311
Tömörd,5166,HU222
Tömörkény,25900,HU333
Tompa,28486,HU331
Tompaládony,12335,HU222
Tordas,21005,HU211
Tormafölde,4969,HU223
Tormás,22424,HU231
Tormásliget,34087,HU222
Tornabarakony,16902,HU311
Tornakápolna,10375,HU311
Tornanádaska,18801,HU311
Tornaszentandrás,27836,HU311
Tornaszentjakab,30517,HU311
Tornyiszentmiklós,32638,HU223
Tornyosnémeti,29054,HU311
Tornyospálca,16957,HU323
Törökbálint,6859,HU120
Törökkoppány,20093,HU232
Törökszentmiklós,27313,HU322
Torony,29878,HU222
Törtel,22008,HU120
Torvaj,10153,HU232
Tószeg,7490,HU322
Tótkomlós,16434,HU332
Tótszentgyörgy,26994,HU231
Tótszentmárton,16382,HU223
Tótszerdahely,25113,HU223
Töttös,4136,HU231
Tótújfalu,16407,HU232
Tótvázsony,2714,HU213
Trizs,4914,HU311
Tunyogmatolcs,13213,HU323
Tura,9593,HU120
Túristvándi,13602,HU323
Türje,12609,HU223
Túrkeve,28228,HU322
Túrony,18582,HU231
Túrricse,8998,HU323
Tüskevár,4631,HU213
Tuzsér,9919,HU323
Tyukod,31398,HU323
Udvar,4437,HU231
Udvari,21360,HU233
Ugod,24767,HU213
Újbarok,17482,HU211
Újcsanálos,12487,HU311
Újdombrád,33659,HU323
Újfehértó,26611,HU323
Újhartyán,6293,HU120
Újiráz,23393,HU321
Újireg,20561,HU233
Újkenéz,10117,HU323
Újkér,19673,HU221
Újkígyós,2352,HU332
Újlengyel,19682,HU120
Újléta,20419,HU321
Újlőrincfalva,27623,HU312
Újpetre,6062,HU231
Újrónafő,31839,HU221
Újsolt,8785,HU331
Újszalonta,24350,HU332
Újszász,15291,HU322
Újszentiván,14924,HU333
Újszentmargita,32568,HU321
Újszilvás,17808,HU120
Újtelek,33604,HU331
Újtikos,11925,HU321
Újudvar,32197,HU223
Újvárfalva,7205,HU232
Ukk,23010,HU213
Üllés,21412,HU333
Üllő,12894,HU120
Und,20792,HU221
Úny,27632,HU212
Uppony,18351,HU311
Ura,28981,HU323
Uraiújfalu,21537,HU222
Úrhida,17622,HU211
Úri,28644,HU120
Úrkút,20853,HU213
Üröm,11934,HU120
Uszka,31820,HU323
Uszód,16294,HU331
Uzsa,34218,HU213
Vác,24934,HU120
Vácduka,5917,HU120
Vácegres,30331,HU120
Váchartyán,19886,HU120
Váckisújfalu,5698,HU120
Vácrátót,17668,HU120
Vácszentlászló,9104,HU120
Vadna,7223,HU311
Vadosfa,6239,HU221
Vág,2237,HU221
Vágáshuta,29151,HU311
Vaja,18591,HU323
Vajdácska,30003,HU311
Vajszló,28538,HU231
Vajta,2459,HU211
Vál,5829,HU211
Valkó,17598,HU120
Valkonya,26268,HU223
Vállaj,6938,HU323
Vállus,10685,HU223
Vámosatya,27322,HU323
Vámoscsalád,31051,HU222
Vámosgyörk,14580,HU312
Vámosmikola,10737,HU120
Vámosoroszi,8934,HU323
Vámospércs,8989,HU321
Vámosszabadi,12405,HU221
Vámosújfalu,15149,HU311
Váncsod,16762,HU321
Vanyarc,30915,HU313
Vanyola,21777,HU213
Várad,8138,HU231
Váralja,32850,HU233
Varászló,9274,HU232
Váraszó,27012,HU312
Várbalog,18412,HU221
Varbó,21810,HU311
Varbóc,10144,HU311
Várda,26781,HU232
Várdomb,9414,HU233
Várfölde,2529,HU223
Varga,28529,HU231
Várgesztes,17251,HU212
Várkesző,26204,HU213
Várong,29124,HU233
Városföld,10667,HU331
Városlőd,7065,HU213
Várpalota,11439,HU213
Varsád,6637,HU233
Varsány,29498,HU313
Várvölgy,14182,HU223
Vasad,22585,HU120
Vasalja,2884,HU222
Vásárosbéc,24952,HU231
Vásárosdombó,2264,HU231
Vásárosfalu,17880,HU221
Vásárosmiske,9195,HU222
Vásárosnamény,18324,HU323
Vasasszonyfa,20394,HU222
Vasboldogasszony,10302,HU223
Vasegerszeg,15334,HU222
Vashosszúfalu,20349,HU222
Vaskeresztes,30702,HU222
Vaskút,28343,HU331
Vasmegyer,27100,HU323
Vaspör,14322,HU223
Vassurány,25982,HU222
Vasszécseny,29373,HU222
Vasszentmihály,11633,HU222
Vasszilvágy,12104,HU222
Vasvár,4695,HU222
Vaszar,26648,HU213
Vászoly,16656,HU213
Vát,2246,HU222
Vatta,30076,HU311
Vázsnok,7074,HU231
Vécs,5759,HU312
Vecsés,26815,HU120
Végegyháza,31228,HU332
Vejti,18519,HU231
Vékény,24402,HU231
Vekerd,11138,HU321
Velem,26000,HU222
Velemér,18430,HU222
Velence,25016,HU211
Velény,22071,HU231
Véménd,20279,HU231
Vének,5014,HU221
Vép,26426,HU222
Vereb,3498,HU211
Veresegyház,18342,HU120
Verőce,33729,HU120
Verpelét,24147,HU312
Verseg,22488,HU120
Versend,19725,HU231
Vértesacsa,2750,HU211
Vértesboglár,13897,HU211
Vérteskethely,32586,HU212
Vértessomló,15282,HU212
Vértesszőlős,31264,HU212
Vértestolna,29629,HU212
Vése,8183,HU232
Veszkény,4589,HU221
Veszprém,11767,HU213
Veszprémfajsz,21430,HU213
Veszprémgalsa,19336,HU213
Veszprémvarsány,22691,HU221
Vésztő,29531,HU332
Vezseny,21157,HU322
Vid,9502,HU213
Vigántpetend,9733,HU213
Villány,28024,HU231
Villánykövesd,5209,HU231
Vilmány,11581,HU311
Vilonya,15705,HU213
Vilyvitány,12982,HU311
Vinár,24651,HU213
Vindornyafok,32142,HU223
Vindornyalak,6549,HU223
Vindornyaszőlős,11800,HU223
Visegrád,28413,HU120
Visnye,19017,HU232
Visonta,31246,HU312
Viss,5096,HU311
Visz,6877,HU232
Viszák,7940,HU222
Viszló,3957,HU311
Visznek,3513,HU312
Vitnyéd,25797,HU221
Vizslás,10320,HU313
Vizsoly,21087,HU311
Vízvár,29780,HU232
Vöckönd,8369,HU223
Vokány,5892,HU231
Völcsej,16319,HU221
Vönöck,3142,HU222
Vonyarcvashegy,12919,HU223
Vöröstó,11703,HU213
Vörs,9645,HU232
Zabar,21661,HU313
Zádor,17747,HU231
Zádorfalva,3063,HU311
Zagyvarékas,14836,HU322
Zagyvaszántó,21722,HU312
Záhony,16203,HU323
Zajk,24590,HU223
Zajta,6275,HU323
Zákány,14623,HU232
Zákányfalu,34403,HU232
Zákányszék,5546,HU333
Zala,11466,HU232
Zalaapáti,17400,HU223
Zalabaksa,7579,HU223
Zalabér,24280,HU223
Zalaboldogfa,28495,HU223
Zalacsány,4002,HU223
Zalacséb,2486,HU223
Zalaegerszeg,32054,HU223
Zalaerdőd,29993,HU213
Zalagyömörő,27207,HU213
Zalahaláp,12654,HU213
Zalaháshágy,23834,HU223
Zalaigrice,16896,HU223
Zalaistvánd,12496,HU223
Zalakaros,11785,HU223
Zalakomár,10348,HU223
Zalaköveskút,18768,HU223
Zalalövő,30313,HU223
Zalameggyes,33039,HU213
Zalamerenye,31617,HU223
Zalasárszeg,2972,HU223
Zalaszabar,22947,HU223
Zalaszántó,33288,HU223
Zalaszegvár,23597,HU213
Zalaszentbalázs,18564,HU223
Zalaszentgrót,32522,HU223
Zalaszentgyörgy,33136,HU223
Zalaszentiván,2608,HU223
Zalaszentjakab,18096,HU223
Zalaszentlászló,7232,HU223
Zalaszentlőrinc,13301,HU223
Zalaszentmárton,13091,HU223
Zalaszentmihály,18449,HU223
Zalaszombatfa,27562,HU223
Zaláta,25122,HU231
Zalatárnok,29683,HU223
Zalaújlak,9380,HU223
Zalavár,13736,HU223
Zalavég,17057,HU223
Zalkod,15617,HU311
Zamárdi,6008,HU232
Zámoly,30243,HU211
Zánka,20826,HU213
Zaránk,23445,HU312
Závod,14304,HU233
Zebecke,3726,HU223
Zebegény,14960,HU120
Zemplénagárd,31608,HU311
Zengővárkony,15848,HU231
Zichyújfalu,34263,HU211
Zics,33057,HU232
Ziliz,19275,HU311
Zimány,27614,HU232
Zirc,26499,HU213
Zók,12201,HU231
Zomba,21625,HU233
Zsadány,6257,HU332
Zsáka,4817,HU321
Zsámbék,25034,HU120
Zsámbok,22035,HU120
Zsana,15158,HU331
Zsarolyán,28750,HU323
Zsebeháza,16869,HU221
Zsédeny,21643,HU222
Zselickisfalud,26842,HU232
Zselickislak,24110,HU232
Zselicszentpál,17491,HU232
Zsennye,12292,HU222
Zsira,4622,HU221
Zsombó,17765,HU333
Zsujta,11022,HU311
Zsurk,13037,HU323
Zubogy,19105,HU311
